주차장명,연도,월,시간대,진입차량수(정기권),진입차량수(일반),진입차량수(면제),진출차량수(정기권),진출차량수(일반),진출차량수(면제),도로명주소,지번주소,위도,경도
실내체육관,2020,01,00:00 ~ 01:00,4,94,2,21,514,9,전북특별자치도 전주시 덕진구 권삼득로 308,전북특별자치도 전주시 덕진구 금암동 664-51,35.84420805,127.1292609
실내체육관,2020,01,01:00 ~ 02:00,1,53,0,24,382,9,전북특별자치도 전주시 덕진구 권삼득로 308,전북특별자치도 전주시 덕진구 금암동 664-51,35.84420805,127.1292609
실내체육관,2020,01,02:00 ~ 03:00,0,27,0,19,196,6,전북특별자치도 전주시 덕진구 권삼득로 308,전북특별자치도 전주시 덕진구 금암동 664-51,35.84420805,127.1292609
실내체육관,2020,01,03:00 ~ 04:00,0,15,1,13,112,0,전북특별자치도 전주시 덕진구 권삼득로 308,전북특별자치도 전주시 덕진구 금암동 664-51,35.84420805,127.1292609
실내체육관,2020,01,04:00 ~ 05:00,2,4,0,13,73,0,전북특별자치도 전주시 덕진구 권삼득로 308,전북특별자치도 전주시 덕진구 금암동 664-51,35.84420805,127.1292609
실내체육관,2020,01,05:00 ~ 06:00,2,10,2,5,44,1,전북특별자치도 전주시 덕진구 권삼득로 308,전북특별자치도 전주시 덕진구 금암동 664-51,35.84420805,127.1292609
실내체육관,2020,01,06:00 ~ 07:00,4,15,1,12,105,3,전북특별자치도 전주시 덕진구 권삼득로 308,전북특별자치도 전주시 덕진구 금암동 664-51,35.84420805,127.1292609
실내체육관,2020,01,07:00 ~ 08:00,31,81,1,7,59,4,전북특별자치도 전주시 덕진구 권삼득로 308,전북특별자치도 전주시 덕진구 금암동 664-51,35.84420805,127.1292609
실내체육관,2020,01,08:00 ~ 09:00,77,262,25,4,58,4,전북특별자치도 전주시 덕진구 권삼득로 308,전북특별자치도 전주시 덕진구 금암동 664-51,35.84420805,127.1292609
실내체육관,2020,01,09:00 ~ 10:00,180,636,15,19,113,6,전북특별자치도 전주시 덕진구 권삼득로 308,전북특별자치도 전주시 덕진구 금암동 664-51,35.84420805,127.1292609
실내체육관,2020,01,10:00 ~ 11:00,168,1003,3,23,278,13,전북특별자치도 전주시 덕진구 권삼득로 308,전북특별자치도 전주시 덕진구 금암동 664-51,35.84420805,127.1292609
실내체육관,2020,01,11:00 ~ 12:00,98,1592,12,31,632,16,전북특별자치도 전주시 덕진구 권삼득로 308,전북특별자치도 전주시 덕진구 금암동 664-51,35.84420805,127.1292609
실내체육관,2020,01,12:00 ~ 13:00,55,2389,20,44,1376,12,전북특별자치도 전주시 덕진구 권삼득로 308,전북특별자치도 전주시 덕진구 금암동 664-51,35.84420805,127.1292609
실내체육관,2020,01,13:00 ~ 14:00,56,1915,13,38,1797,21,전북특별자치도 전주시 덕진구 권삼득로 308,전북특별자치도 전주시 덕진구 금암동 664-51,35.84420805,127.1292609
실내체육관,2020,01,14:00 ~ 15:00,53,1867,16,38,1739,13,전북특별자치도 전주시 덕진구 권삼득로 308,전북특별자치도 전주시 덕진구 금암동 664-51,35.84420805,127.1292609
실내체육관,2020,01,15:00 ~ 16:00,45,1778,18,46,1797,13,전북특별자치도 전주시 덕진구 권삼득로 308,전북특별자치도 전주시 덕진구 금암동 664-51,35.84420805,127.1292609
실내체육관,2020,01,16:00 ~ 17:00,50,1661,13,47,1722,21,전북특별자치도 전주시 덕진구 권삼득로 308,전북특별자치도 전주시 덕진구 금암동 664-51,35.84420805,127.1292609
실내체육관,2020,01,17:00 ~ 18:00,26,1925,19,41,1688,20,전북특별자치도 전주시 덕진구 권삼득로 308,전북특별자치도 전주시 덕진구 금암동 664-51,35.84420805,127.1292609
실내체육관,2020,01,18:00 ~ 19:00,33,2667,22,79,1744,9,전북특별자치도 전주시 덕진구 권삼득로 308,전북특별자치도 전주시 덕진구 금암동 664-51,35.84420805,127.1292609
실내체육관,2020,01,19:00 ~ 20:00,24,2385,14,81,1974,16,전북특별자치도 전주시 덕진구 권삼득로 308,전북특별자치도 전주시 덕진구 금암동 664-51,35.84420805,127.1292609
실내체육관,2020,01,20:00 ~ 21:00,20,1456,13,113,2020,8,전북특별자치도 전주시 덕진구 권삼득로 308,전북특별자치도 전주시 덕진구 금암동 664-51,35.84420805,127.1292609
실내체육관,2020,01,21:00 ~ 22:00,16,855,8,108,1877,10,전북특별자치도 전주시 덕진구 권삼득로 308,전북특별자치도 전주시 덕진구 금암동 664-51,35.84420805,127.1292609
실내체육관,2020,01,22:00 ~ 23:00,5,433,3,101,1434,4,전북특별자치도 전주시 덕진구 권삼득로 308,전북특별자치도 전주시 덕진구 금암동 664-51,35.84420805,127.1292609
실내체육관,2020,01,23:00 ~ 24:00,4,189,0,25,803,5,전북특별자치도 전주시 덕진구 권삼득로 308,전북특별자치도 전주시 덕진구 금암동 664-51,35.84420805,127.1292609
실내체육관,2020,02,00:00 ~ 01:00,1,60,0,15,362,5,전북특별자치도 전주시 덕진구 권삼득로 308,전북특별자치도 전주시 덕진구 금암동 664-51,35.84420805,127.1292609
실내체육관,2020,02,01:00 ~ 02:00,1,17,0,18,275,7,전북특별자치도 전주시 덕진구 권삼득로 308,전북특별자치도 전주시 덕진구 금암동 664-51,35.84420805,127.1292609
실내체육관,2020,02,02:00 ~ 03:00,0,12,0,8,116,0,전북특별자치도 전주시 덕진구 권삼득로 308,전북특별자치도 전주시 덕진구 금암동 664-51,35.84420805,127.1292609
실내체육관,2020,02,03:00 ~ 04:00,0,8,0,4,67,0,전북특별자치도 전주시 덕진구 권삼득로 308,전북특별자치도 전주시 덕진구 금암동 664-51,35.84420805,127.1292609
실내체육관,2020,02,04:00 ~ 05:00,0,5,0,18,44,0,전북특별자치도 전주시 덕진구 권삼득로 308,전북특별자치도 전주시 덕진구 금암동 664-51,35.84420805,127.1292609
실내체육관,2020,02,05:00 ~ 06:00,0,2,1,4,20,0,전북특별자치도 전주시 덕진구 권삼득로 308,전북특별자치도 전주시 덕진구 금암동 664-51,35.84420805,127.1292609
실내체육관,2020,02,06:00 ~ 07:00,2,18,0,3,30,0,전북특별자치도 전주시 덕진구 권삼득로 308,전북특별자치도 전주시 덕진구 금암동 664-51,35.84420805,127.1292609
실내체육관,2020,02,07:00 ~ 08:00,31,126,0,9,201,3,전북특별자치도 전주시 덕진구 권삼득로 308,전북특별자치도 전주시 덕진구 금암동 664-51,35.84420805,127.1292609
실내체육관,2020,02,08:00 ~ 09:00,77,214,29,4,42,2,전북특별자치도 전주시 덕진구 권삼득로 308,전북특별자치도 전주시 덕진구 금암동 664-51,35.84420805,127.1292609
실내체육관,2020,02,09:00 ~ 10:00,187,546,8,15,94,0,전북특별자치도 전주시 덕진구 권삼득로 308,전북특별자치도 전주시 덕진구 금암동 664-51,35.84420805,127.1292609
실내체육관,2020,02,10:00 ~ 11:00,160,858,8,16,262,6,전북특별자치도 전주시 덕진구 권삼득로 308,전북특별자치도 전주시 덕진구 금암동 664-51,35.84420805,127.1292609
실내체육관,2020,02,11:00 ~ 12:00,93,1400,17,37,569,4,전북특별자치도 전주시 덕진구 권삼득로 308,전북특별자치도 전주시 덕진구 금암동 664-51,35.84420805,127.1292609
실내체육관,2020,02,12:00 ~ 13:00,47,1975,12,36,1185,15,전북특별자치도 전주시 덕진구 권삼득로 308,전북특별자치도 전주시 덕진구 금암동 664-51,35.84420805,127.1292609
실내체육관,2020,02,13:00 ~ 14:00,72,1561,10,38,1625,27,전북특별자치도 전주시 덕진구 권삼득로 308,전북특별자치도 전주시 덕진구 금암동 664-51,35.84420805,127.1292609
실내체육관,2020,02,14:00 ~ 15:00,38,1582,8,23,1440,8,전북특별자치도 전주시 덕진구 권삼득로 308,전북특별자치도 전주시 덕진구 금암동 664-51,35.84420805,127.1292609
실내체육관,2020,02,15:00 ~ 16:00,41,1405,17,40,1475,15,전북특별자치도 전주시 덕진구 권삼득로 308,전북특별자치도 전주시 덕진구 금암동 664-51,35.84420805,127.1292609
실내체육관,2020,02,16:00 ~ 17:00,44,1424,7,59,1431,18,전북특별자치도 전주시 덕진구 권삼득로 308,전북특별자치도 전주시 덕진구 금암동 664-51,35.84420805,127.1292609
실내체육관,2020,02,17:00 ~ 18:00,26,1527,11,47,1446,10,전북특별자치도 전주시 덕진구 권삼득로 308,전북특별자치도 전주시 덕진구 금암동 664-51,35.84420805,127.1292609
실내체육관,2020,02,18:00 ~ 19:00,20,2171,19,80,1447,16,전북특별자치도 전주시 덕진구 권삼득로 308,전북특별자치도 전주시 덕진구 금암동 664-51,35.84420805,127.1292609
실내체육관,2020,02,19:00 ~ 20:00,24,1619,17,88,1549,9,전북특별자치도 전주시 덕진구 권삼득로 308,전북특별자치도 전주시 덕진구 금암동 664-51,35.84420805,127.1292609
실내체육관,2020,02,20:00 ~ 21:00,17,1053,5,129,1622,11,전북특별자치도 전주시 덕진구 권삼득로 308,전북특별자치도 전주시 덕진구 금암동 664-51,35.84420805,127.1292609
실내체육관,2020,02,21:00 ~ 22:00,8,570,3,118,1349,7,전북특별자치도 전주시 덕진구 권삼득로 308,전북특별자치도 전주시 덕진구 금암동 664-51,35.84420805,127.1292609
실내체육관,2020,02,22:00 ~ 23:00,4,243,0,70,982,8,전북특별자치도 전주시 덕진구 권삼득로 308,전북특별자치도 전주시 덕진구 금암동 664-51,35.84420805,127.1292609
실내체육관,2020,02,23:00 ~ 24:00,3,126,0,12,548,6,전북특별자치도 전주시 덕진구 권삼득로 308,전북특별자치도 전주시 덕진구 금암동 664-51,35.84420805,127.1292609
실내체육관,2020,03,00:00 ~ 01:00,3,74,1,11,451,7,전북특별자치도 전주시 덕진구 권삼득로 308,전북특별자치도 전주시 덕진구 금암동 664-51,35.84420805,127.1292609
실내체육관,2020,03,01:00 ~ 02:00,1,23,0,17,326,7,전북특별자치도 전주시 덕진구 권삼득로 308,전북특별자치도 전주시 덕진구 금암동 664-51,35.84420805,127.1292609
실내체육관,2020,03,02:00 ~ 03:00,1,13,0,15,170,5,전북특별자치도 전주시 덕진구 권삼득로 308,전북특별자치도 전주시 덕진구 금암동 664-51,35.84420805,127.1292609
실내체육관,2020,03,03:00 ~ 04:00,0,7,0,8,81,1,전북특별자치도 전주시 덕진구 권삼득로 308,전북특별자치도 전주시 덕진구 금암동 664-51,35.84420805,127.1292609
실내체육관,2020,03,04:00 ~ 05:00,1,10,1,9,57,0,전북특별자치도 전주시 덕진구 권삼득로 308,전북특별자치도 전주시 덕진구 금암동 664-51,35.84420805,127.1292609
실내체육관,2020,03,05:00 ~ 06:00,0,6,1,4,32,0,전북특별자치도 전주시 덕진구 권삼득로 308,전북특별자치도 전주시 덕진구 금암동 664-51,35.84420805,127.1292609
실내체육관,2020,03,06:00 ~ 07:00,1,25,2,2,97,2,전북특별자치도 전주시 덕진구 권삼득로 308,전북특별자치도 전주시 덕진구 금암동 664-51,35.84420805,127.1292609
실내체육관,2020,03,07:00 ~ 08:00,46,150,2,1,55,2,전북특별자치도 전주시 덕진구 권삼득로 308,전북특별자치도 전주시 덕진구 금암동 664-51,35.84420805,127.1292609
실내체육관,2020,03,08:00 ~ 09:00,88,226,24,9,68,4,전북특별자치도 전주시 덕진구 권삼득로 308,전북특별자치도 전주시 덕진구 금암동 664-51,35.84420805,127.1292609
실내체육관,2020,03,09:00 ~ 10:00,165,632,12,20,160,4,전북특별자치도 전주시 덕진구 권삼득로 308,전북특별자치도 전주시 덕진구 금암동 664-51,35.84420805,127.1292609
실내체육관,2020,03,10:00 ~ 11:00,166,879,11,22,276,5,전북특별자치도 전주시 덕진구 권삼득로 308,전북특별자치도 전주시 덕진구 금암동 664-51,35.84420805,127.1292609
실내체육관,2020,03,11:00 ~ 12:00,98,1476,22,35,587,11,전북특별자치도 전주시 덕진구 권삼득로 308,전북특별자치도 전주시 덕진구 금암동 664-51,35.84420805,127.1292609
실내체육관,2020,03,12:00 ~ 13:00,54,2059,32,43,1165,24,전북특별자치도 전주시 덕진구 권삼득로 308,전북특별자치도 전주시 덕진구 금암동 664-51,35.84420805,127.1292609
실내체육관,2020,03,13:00 ~ 14:00,70,1972,20,29,1891,33,전북특별자치도 전주시 덕진구 권삼득로 308,전북특별자치도 전주시 덕진구 금암동 664-51,35.84420805,127.1292609
실내체육관,2020,03,14:00 ~ 15:00,34,1961,9,22,1769,19,전북특별자치도 전주시 덕진구 권삼득로 308,전북특별자치도 전주시 덕진구 금암동 664-51,35.84420805,127.1292609
실내체육관,2020,03,15:00 ~ 16:00,41,1920,12,55,1786,18,전북특별자치도 전주시 덕진구 권삼득로 308,전북특별자치도 전주시 덕진구 금암동 664-51,35.84420805,127.1292609
실내체육관,2020,03,16:00 ~ 17:00,57,1785,11,54,1843,17,전북특별자치도 전주시 덕진구 권삼득로 308,전북특별자치도 전주시 덕진구 금암동 664-51,35.84420805,127.1292609
실내체육관,2020,03,17:00 ~ 18:00,27,2126,20,53,1968,20,전북특별자치도 전주시 덕진구 권삼득로 308,전북특별자치도 전주시 덕진구 금암동 664-51,35.84420805,127.1292609
실내체육관,2020,03,18:00 ~ 19:00,36,2888,23,88,1979,14,전북특별자치도 전주시 덕진구 권삼득로 308,전북특별자치도 전주시 덕진구 금암동 664-51,35.84420805,127.1292609
실내체육관,2020,03,19:00 ~ 20:00,9,2193,23,71,2128,12,전북특별자치도 전주시 덕진구 권삼득로 308,전북특별자치도 전주시 덕진구 금암동 664-51,35.84420805,127.1292609
실내체육관,2020,03,20:00 ~ 21:00,5,1276,9,126,2218,15,전북특별자치도 전주시 덕진구 권삼득로 308,전북특별자치도 전주시 덕진구 금암동 664-51,35.84420805,127.1292609
실내체육관,2020,03,21:00 ~ 22:00,6,639,4,126,1779,13,전북특별자치도 전주시 덕진구 권삼득로 308,전북특별자치도 전주시 덕진구 금암동 664-51,35.84420805,127.1292609
실내체육관,2020,03,22:00 ~ 23:00,5,339,0,73,1270,7,전북특별자치도 전주시 덕진구 권삼득로 308,전북특별자치도 전주시 덕진구 금암동 664-51,35.84420805,127.1292609
실내체육관,2020,03,23:00 ~ 24:00,2,148,0,17,689,4,전북특별자치도 전주시 덕진구 권삼득로 308,전북특별자치도 전주시 덕진구 금암동 664-51,35.84420805,127.1292609
실내체육관,2020,04,00:00 ~ 01:00,2,101,0,10,607,9,전북특별자치도 전주시 덕진구 권삼득로 308,전북특별자치도 전주시 덕진구 금암동 664-51,35.84420805,127.1292609
실내체육관,2020,04,01:00 ~ 02:00,0,54,0,24,404,5,전북특별자치도 전주시 덕진구 권삼득로 308,전북특별자치도 전주시 덕진구 금암동 664-51,35.84420805,127.1292609
실내체육관,2020,04,02:00 ~ 03:00,0,20,0,15,229,1,전북특별자치도 전주시 덕진구 권삼득로 308,전북특별자치도 전주시 덕진구 금암동 664-51,35.84420805,127.1292609
실내체육관,2020,04,03:00 ~ 04:00,0,7,0,6,129,2,전북특별자치도 전주시 덕진구 권삼득로 308,전북특별자치도 전주시 덕진구 금암동 664-51,35.84420805,127.1292609
실내체육관,2020,04,04:00 ~ 05:00,1,7,1,11,72,1,전북특별자치도 전주시 덕진구 권삼득로 308,전북특별자치도 전주시 덕진구 금암동 664-51,35.84420805,127.1292609
실내체육관,2020,04,05:00 ~ 06:00,0,9,0,8,31,0,전북특별자치도 전주시 덕진구 권삼득로 308,전북특별자치도 전주시 덕진구 금암동 664-51,35.84420805,127.1292609
실내체육관,2020,04,06:00 ~ 07:00,5,31,1,2,51,0,전북특별자치도 전주시 덕진구 권삼득로 308,전북특별자치도 전주시 덕진구 금암동 664-51,35.84420805,127.1292609
실내체육관,2020,04,07:00 ~ 08:00,51,117,13,7,81,0,전북특별자치도 전주시 덕진구 권삼득로 308,전북특별자치도 전주시 덕진구 금암동 664-51,35.84420805,127.1292609
실내체육관,2020,04,08:00 ~ 09:00,86,218,14,10,75,0,전북특별자치도 전주시 덕진구 권삼득로 308,전북특별자치도 전주시 덕진구 금암동 664-51,35.84420805,127.1292609
실내체육관,2020,04,09:00 ~ 10:00,169,683,13,36,180,5,전북특별자치도 전주시 덕진구 권삼득로 308,전북특별자치도 전주시 덕진구 금암동 664-51,35.84420805,127.1292609
실내체육관,2020,04,10:00 ~ 11:00,147,1016,12,27,335,6,전북특별자치도 전주시 덕진구 권삼득로 308,전북특별자치도 전주시 덕진구 금암동 664-51,35.84420805,127.1292609
실내체육관,2020,04,11:00 ~ 12:00,90,1858,20,36,749,14,전북특별자치도 전주시 덕진구 권삼득로 308,전북특별자치도 전주시 덕진구 금암동 664-51,35.84420805,127.1292609
실내체육관,2020,04,12:00 ~ 13:00,73,2762,26,32,1583,22,전북특별자치도 전주시 덕진구 권삼득로 308,전북특별자치도 전주시 덕진구 금암동 664-51,35.84420805,127.1292609
실내체육관,2020,04,13:00 ~ 14:00,63,2406,12,43,2332,24,전북특별자치도 전주시 덕진구 권삼득로 308,전북특별자치도 전주시 덕진구 금암동 664-51,35.84420805,127.1292609
실내체육관,2020,04,14:00 ~ 15:00,40,2374,14,46,2190,28,전북특별자치도 전주시 덕진구 권삼득로 308,전북특별자치도 전주시 덕진구 금암동 664-51,35.84420805,127.1292609
실내체육관,2020,04,15:00 ~ 16:00,47,2167,18,31,2175,15,전북특별자치도 전주시 덕진구 권삼득로 308,전북특별자치도 전주시 덕진구 금암동 664-51,35.84420805,127.1292609
실내체육관,2020,04,16:00 ~ 17:00,49,2185,8,55,2185,14,전북특별자치도 전주시 덕진구 권삼득로 308,전북특별자치도 전주시 덕진구 금암동 664-51,35.84420805,127.1292609
실내체육관,2020,04,17:00 ~ 18:00,35,2581,21,42,2209,23,전북특별자치도 전주시 덕진구 권삼득로 308,전북특별자치도 전주시 덕진구 금암동 664-51,35.84420805,127.1292609
실내체육관,2020,04,18:00 ~ 19:00,43,3541,26,99,2353,10,전북특별자치도 전주시 덕진구 권삼득로 308,전북특별자치도 전주시 덕진구 금암동 664-51,35.84420805,127.1292609
실내체육관,2020,04,19:00 ~ 20:00,14,2971,12,79,2754,14,전북특별자치도 전주시 덕진구 권삼득로 308,전북특별자치도 전주시 덕진구 금암동 664-51,35.84420805,127.1292609
실내체육관,2020,04,20:00 ~ 21:00,11,1677,17,111,2556,13,전북특별자치도 전주시 덕진구 권삼득로 308,전북특별자치도 전주시 덕진구 금암동 664-51,35.84420805,127.1292609
실내체육관,2020,04,21:00 ~ 22:00,17,876,3,102,2284,20,전북특별자치도 전주시 덕진구 권삼득로 308,전북특별자치도 전주시 덕진구 금암동 664-51,35.84420805,127.1292609
실내체육관,2020,04,22:00 ~ 23:00,5,490,5,86,1556,4,전북특별자치도 전주시 덕진구 권삼득로 308,전북특별자치도 전주시 덕진구 금암동 664-51,35.84420805,127.1292609
실내체육관,2020,04,23:00 ~ 24:00,4,224,1,35,852,5,전북특별자치도 전주시 덕진구 권삼득로 308,전북특별자치도 전주시 덕진구 금암동 664-51,35.84420805,127.1292609
실내체육관,2020,05,00:00 ~ 01:00,5,163,2,20,744,6,전북특별자치도 전주시 덕진구 권삼득로 308,전북특별자치도 전주시 덕진구 금암동 664-51,35.84420805,127.1292609
실내체육관,2020,05,01:00 ~ 02:00,1,62,0,20,498,4,전북특별자치도 전주시 덕진구 권삼득로 308,전북특별자치도 전주시 덕진구 금암동 664-51,35.84420805,127.1292609
실내체육관,2020,05,02:00 ~ 03:00,1,33,0,11,330,8,전북특별자치도 전주시 덕진구 권삼득로 308,전북특별자치도 전주시 덕진구 금암동 664-51,35.84420805,127.1292609
실내체육관,2020,05,03:00 ~ 04:00,0,18,0,5,169,2,전북특별자치도 전주시 덕진구 권삼득로 308,전북특별자치도 전주시 덕진구 금암동 664-51,35.84420805,127.1292609
실내체육관,2020,05,04:00 ~ 05:00,0,8,0,17,91,0,전북특별자치도 전주시 덕진구 권삼득로 308,전북특별자치도 전주시 덕진구 금암동 664-51,35.84420805,127.1292609
실내체육관,2020,05,05:00 ~ 06:00,0,17,0,11,45,0,전북특별자치도 전주시 덕진구 권삼득로 308,전북특별자치도 전주시 덕진구 금암동 664-51,35.84420805,127.1292609
실내체육관,2020,05,06:00 ~ 07:00,23,34,0,3,105,0,전북특별자치도 전주시 덕진구 권삼득로 308,전북특별자치도 전주시 덕진구 금암동 664-51,35.84420805,127.1292609
실내체육관,2020,05,07:00 ~ 08:00,46,104,18,7,80,0,전북특별자치도 전주시 덕진구 권삼득로 308,전북특별자치도 전주시 덕진구 금암동 664-51,35.84420805,127.1292609
실내체육관,2020,05,08:00 ~ 09:00,61,291,25,16,101,1,전북특별자치도 전주시 덕진구 권삼득로 308,전북특별자치도 전주시 덕진구 금암동 664-51,35.84420805,127.1292609
실내체육관,2020,05,09:00 ~ 10:00,165,831,11,27,222,8,전북특별자치도 전주시 덕진구 권삼득로 308,전북특별자치도 전주시 덕진구 금암동 664-51,35.84420805,127.1292609
실내체육관,2020,05,10:00 ~ 11:00,135,1231,11,20,433,21,전북특별자치도 전주시 덕진구 권삼득로 308,전북특별자치도 전주시 덕진구 금암동 664-51,35.84420805,127.1292609
실내체육관,2020,05,11:00 ~ 12:00,89,2322,29,36,888,13,전북특별자치도 전주시 덕진구 권삼득로 308,전북특별자치도 전주시 덕진구 금암동 664-51,35.84420805,127.1292609
실내체육관,2020,05,12:00 ~ 13:00,59,3456,20,38,2027,30,전북특별자치도 전주시 덕진구 권삼득로 308,전북특별자치도 전주시 덕진구 금암동 664-51,35.84420805,127.1292609
실내체육관,2020,05,13:00 ~ 14:00,80,2966,28,40,2875,22,전북특별자치도 전주시 덕진구 권삼득로 308,전북특별자치도 전주시 덕진구 금암동 664-51,35.84420805,127.1292609
실내체육관,2020,05,14:00 ~ 15:00,60,2752,22,41,2695,29,전북특별자치도 전주시 덕진구 권삼득로 308,전북특별자치도 전주시 덕진구 금암동 664-51,35.84420805,127.1292609
실내체육관,2020,05,15:00 ~ 16:00,34,2728,14,29,2615,26,전북특별자치도 전주시 덕진구 권삼득로 308,전북특별자치도 전주시 덕진구 금암동 664-51,35.84420805,127.1292609
실내체육관,2020,05,16:00 ~ 17:00,33,2600,19,78,2585,24,전북특별자치도 전주시 덕진구 권삼득로 308,전북특별자치도 전주시 덕진구 금암동 664-51,35.84420805,127.1292609
실내체육관,2020,05,17:00 ~ 18:00,41,3049,24,45,2631,16,전북특별자치도 전주시 덕진구 권삼득로 308,전북특별자치도 전주시 덕진구 금암동 664-51,35.84420805,127.1292609
실내체육관,2020,05,18:00 ~ 19:00,53,4202,22,86,2845,17,전북특별자치도 전주시 덕진구 권삼득로 308,전북특별자치도 전주시 덕진구 금암동 664-51,35.84420805,127.1292609
실내체육관,2020,05,19:00 ~ 20:00,20,3124,18,60,3154,20,전북특별자치도 전주시 덕진구 권삼득로 308,전북특별자치도 전주시 덕진구 금암동 664-51,35.84420805,127.1292609
실내체육관,2020,05,20:00 ~ 21:00,13,2187,11,107,3030,12,전북특별자치도 전주시 덕진구 권삼득로 308,전북특별자치도 전주시 덕진구 금암동 664-51,35.84420805,127.1292609
실내체육관,2020,05,21:00 ~ 22:00,9,1244,11,115,2697,14,전북특별자치도 전주시 덕진구 권삼득로 308,전북특별자치도 전주시 덕진구 금암동 664-51,35.84420805,127.1292609
실내체육관,2020,05,22:00 ~ 23:00,10,659,9,72,1864,16,전북특별자치도 전주시 덕진구 권삼득로 308,전북특별자치도 전주시 덕진구 금암동 664-51,35.84420805,127.1292609
실내체육관,2020,05,23:00 ~ 24:00,3,318,0,37,1072,9,전북특별자치도 전주시 덕진구 권삼득로 308,전북특별자치도 전주시 덕진구 금암동 664-51,35.84420805,127.1292609
실내체육관,2020,06,00:00 ~ 01:00,0,92,0,15,500,3,전북특별자치도 전주시 덕진구 권삼득로 308,전북특별자치도 전주시 덕진구 금암동 664-51,35.84420805,127.1292609
실내체육관,2020,06,01:00 ~ 02:00,1,58,0,22,397,3,전북특별자치도 전주시 덕진구 권삼득로 308,전북특별자치도 전주시 덕진구 금암동 664-51,35.84420805,127.1292609
실내체육관,2020,06,02:00 ~ 03:00,0,25,0,13,202,2,전북특별자치도 전주시 덕진구 권삼득로 308,전북특별자치도 전주시 덕진구 금암동 664-51,35.84420805,127.1292609
실내체육관,2020,06,03:00 ~ 04:00,0,18,0,5,129,1,전북특별자치도 전주시 덕진구 권삼득로 308,전북특별자치도 전주시 덕진구 금암동 664-51,35.84420805,127.1292609
실내체육관,2020,06,04:00 ~ 05:00,0,12,0,10,74,0,전북특별자치도 전주시 덕진구 권삼득로 308,전북특별자치도 전주시 덕진구 금암동 664-51,35.84420805,127.1292609
실내체육관,2020,06,05:00 ~ 06:00,1,19,0,19,53,0,전북특별자치도 전주시 덕진구 권삼득로 308,전북특별자치도 전주시 덕진구 금암동 664-51,35.84420805,127.1292609
실내체육관,2020,06,06:00 ~ 07:00,16,36,5,5,69,4,전북특별자치도 전주시 덕진구 권삼득로 308,전북특별자치도 전주시 덕진구 금암동 664-51,35.84420805,127.1292609
실내체육관,2020,06,07:00 ~ 08:00,50,141,11,17,109,1,전북특별자치도 전주시 덕진구 권삼득로 308,전북특별자치도 전주시 덕진구 금암동 664-51,35.84420805,127.1292609
실내체육관,2020,06,08:00 ~ 09:00,65,252,16,14,123,5,전북특별자치도 전주시 덕진구 권삼득로 308,전북특별자치도 전주시 덕진구 금암동 664-51,35.84420805,127.1292609
실내체육관,2020,06,09:00 ~ 10:00,162,748,12,11,218,5,전북특별자치도 전주시 덕진구 권삼득로 308,전북특별자치도 전주시 덕진구 금암동 664-51,35.84420805,127.1292609
실내체육관,2020,06,10:00 ~ 11:00,130,1029,7,19,379,14,전북특별자치도 전주시 덕진구 권삼득로 308,전북특별자치도 전주시 덕진구 금암동 664-51,35.84420805,127.1292609
실내체육관,2020,06,11:00 ~ 12:00,94,1989,11,47,804,12,전북특별자치도 전주시 덕진구 권삼득로 308,전북특별자치도 전주시 덕진구 금암동 664-51,35.84420805,127.1292609
실내체육관,2020,06,12:00 ~ 13:00,52,2852,22,27,1718,17,전북특별자치도 전주시 덕진구 권삼득로 308,전북특별자치도 전주시 덕진구 금암동 664-51,35.84420805,127.1292609
실내체육관,2020,06,13:00 ~ 14:00,75,2222,25,39,2370,16,전북특별자치도 전주시 덕진구 권삼득로 308,전북특별자치도 전주시 덕진구 금암동 664-51,35.84420805,127.1292609
실내체육관,2020,06,14:00 ~ 15:00,37,2064,19,29,2012,16,전북특별자치도 전주시 덕진구 권삼득로 308,전북특별자치도 전주시 덕진구 금암동 664-51,35.84420805,127.1292609
실내체육관,2020,06,15:00 ~ 16:00,31,2034,11,39,1938,16,전북특별자치도 전주시 덕진구 권삼득로 308,전북특별자치도 전주시 덕진구 금암동 664-51,35.84420805,127.1292609
실내체육관,2020,06,16:00 ~ 17:00,38,2047,22,79,1867,24,전북특별자치도 전주시 덕진구 권삼득로 308,전북특별자치도 전주시 덕진구 금암동 664-51,35.84420805,127.1292609
실내체육관,2020,06,17:00 ~ 18:00,28,2479,22,26,1917,17,전북특별자치도 전주시 덕진구 권삼득로 308,전북특별자치도 전주시 덕진구 금암동 664-51,35.84420805,127.1292609
실내체육관,2020,06,18:00 ~ 19:00,40,3405,31,72,2167,13,전북특별자치도 전주시 덕진구 권삼득로 308,전북특별자치도 전주시 덕진구 금암동 664-51,35.84420805,127.1292609
실내체육관,2020,06,19:00 ~ 20:00,31,2947,22,52,2540,16,전북특별자치도 전주시 덕진구 권삼득로 308,전북특별자치도 전주시 덕진구 금암동 664-51,35.84420805,127.1292609
실내체육관,2020,06,20:00 ~ 21:00,13,1731,14,93,2598,28,전북특별자치도 전주시 덕진구 권삼득로 308,전북특별자치도 전주시 덕진구 금암동 664-51,35.84420805,127.1292609
실내체육관,2020,06,21:00 ~ 22:00,7,969,4,97,2347,25,전북특별자치도 전주시 덕진구 권삼득로 308,전북특별자치도 전주시 덕진구 금암동 664-51,35.84420805,127.1292609
실내체육관,2020,06,22:00 ~ 23:00,7,495,5,115,1587,12,전북특별자치도 전주시 덕진구 권삼득로 308,전북특별자치도 전주시 덕진구 금암동 664-51,35.84420805,127.1292609
실내체육관,2020,06,23:00 ~ 24:00,2,217,2,14,923,10,전북특별자치도 전주시 덕진구 권삼득로 308,전북특별자치도 전주시 덕진구 금암동 664-51,35.84420805,127.1292609
실내체육관,2020,07,00:00 ~ 01:00,2,96,0,22,565,7,전북특별자치도 전주시 덕진구 권삼득로 308,전북특별자치도 전주시 덕진구 금암동 664-51,35.84420805,127.1292609
실내체육관,2020,07,01:00 ~ 02:00,3,44,0,38,382,4,전북특별자치도 전주시 덕진구 권삼득로 308,전북특별자치도 전주시 덕진구 금암동 664-51,35.84420805,127.1292609
실내체육관,2020,07,02:00 ~ 03:00,1,19,0,26,194,4,전북특별자치도 전주시 덕진구 권삼득로 308,전북특별자치도 전주시 덕진구 금암동 664-51,35.84420805,127.1292609
실내체육관,2020,07,03:00 ~ 04:00,0,9,0,7,112,1,전북특별자치도 전주시 덕진구 권삼득로 308,전북특별자치도 전주시 덕진구 금암동 664-51,35.84420805,127.1292609
실내체육관,2020,07,04:00 ~ 05:00,1,5,0,8,87,0,전북특별자치도 전주시 덕진구 권삼득로 308,전북특별자치도 전주시 덕진구 금암동 664-51,35.84420805,127.1292609
실내체육관,2020,07,05:00 ~ 06:00,3,22,1,9,45,0,전북특별자치도 전주시 덕진구 권삼득로 308,전북특별자치도 전주시 덕진구 금암동 664-51,35.84420805,127.1292609
실내체육관,2020,07,06:00 ~ 07:00,3,37,1,9,76,1,전북특별자치도 전주시 덕진구 권삼득로 308,전북특별자치도 전주시 덕진구 금암동 664-51,35.84420805,127.1292609
실내체육관,2020,07,07:00 ~ 08:00,48,142,7,15,187,3,전북특별자치도 전주시 덕진구 권삼득로 308,전북특별자치도 전주시 덕진구 금암동 664-51,35.84420805,127.1292609
실내체육관,2020,07,08:00 ~ 09:00,69,214,16,22,99,3,전북특별자치도 전주시 덕진구 권삼득로 308,전북특별자치도 전주시 덕진구 금암동 664-51,35.84420805,127.1292609
실내체육관,2020,07,09:00 ~ 10:00,239,765,20,18,143,3,전북특별자치도 전주시 덕진구 권삼득로 308,전북특별자치도 전주시 덕진구 금암동 664-51,35.84420805,127.1292609
실내체육관,2020,07,10:00 ~ 11:00,108,1203,28,31,318,10,전북특별자치도 전주시 덕진구 권삼득로 308,전북특별자치도 전주시 덕진구 금암동 664-51,35.84420805,127.1292609
실내체육관,2020,07,11:00 ~ 12:00,85,2051,18,51,791,13,전북특별자치도 전주시 덕진구 권삼득로 308,전북특별자치도 전주시 덕진구 금암동 664-51,35.84420805,127.1292609
실내체육관,2020,07,12:00 ~ 13:00,69,2854,13,53,1581,15,전북특별자치도 전주시 덕진구 권삼득로 308,전북특별자치도 전주시 덕진구 금암동 664-51,35.84420805,127.1292609
실내체육관,2020,07,13:00 ~ 14:00,91,2287,18,65,2363,14,전북특별자치도 전주시 덕진구 권삼득로 308,전북특별자치도 전주시 덕진구 금암동 664-51,35.84420805,127.1292609
실내체육관,2020,07,14:00 ~ 15:00,92,2141,12,27,2083,16,전북특별자치도 전주시 덕진구 권삼득로 308,전북특별자치도 전주시 덕진구 금암동 664-51,35.84420805,127.1292609
실내체육관,2020,07,15:00 ~ 16:00,54,1894,9,49,1982,8,전북특별자치도 전주시 덕진구 권삼득로 308,전북특별자치도 전주시 덕진구 금암동 664-51,35.84420805,127.1292609
실내체육관,2020,07,16:00 ~ 17:00,37,2101,16,75,1826,16,전북특별자치도 전주시 덕진구 권삼득로 308,전북특별자치도 전주시 덕진구 금암동 664-51,35.84420805,127.1292609
실내체육관,2020,07,17:00 ~ 18:00,82,2360,24,75,1908,19,전북특별자치도 전주시 덕진구 권삼득로 308,전북특별자치도 전주시 덕진구 금암동 664-51,35.84420805,127.1292609
실내체육관,2020,07,18:00 ~ 19:00,56,3391,30,107,2171,23,전북특별자치도 전주시 덕진구 권삼득로 308,전북특별자치도 전주시 덕진구 금암동 664-51,35.84420805,127.1292609
실내체육관,2020,07,19:00 ~ 20:00,33,3010,28,64,2527,25,전북특별자치도 전주시 덕진구 권삼득로 308,전북특별자치도 전주시 덕진구 금암동 664-51,35.84420805,127.1292609
실내체육관,2020,07,20:00 ~ 21:00,29,1603,10,161,2584,22,전북특별자치도 전주시 덕진구 권삼득로 308,전북특별자치도 전주시 덕진구 금암동 664-51,35.84420805,127.1292609
실내체육관,2020,07,21:00 ~ 22:00,11,928,7,106,2322,48,전북특별자치도 전주시 덕진구 권삼득로 308,전북특별자치도 전주시 덕진구 금암동 664-51,35.84420805,127.1292609
실내체육관,2020,07,22:00 ~ 23:00,11,490,9,76,1664,14,전북특별자치도 전주시 덕진구 권삼득로 308,전북특별자치도 전주시 덕진구 금암동 664-51,35.84420805,127.1292609
실내체육관,2020,07,23:00 ~ 24:00,6,185,2,15,877,5,전북특별자치도 전주시 덕진구 권삼득로 308,전북특별자치도 전주시 덕진구 금암동 664-51,35.84420805,127.1292609
실내체육관,2020,08,00:00 ~ 01:00,4,131,0,21,542,4,전북특별자치도 전주시 덕진구 권삼득로 308,전북특별자치도 전주시 덕진구 금암동 664-51,35.84420805,127.1292609
실내체육관,2020,08,01:00 ~ 02:00,3,75,0,38,391,5,전북특별자치도 전주시 덕진구 권삼득로 308,전북특별자치도 전주시 덕진구 금암동 664-51,35.84420805,127.1292609
실내체육관,2020,08,02:00 ~ 03:00,2,22,0,22,213,0,전북특별자치도 전주시 덕진구 권삼득로 308,전북특별자치도 전주시 덕진구 금암동 664-51,35.84420805,127.1292609
실내체육관,2020,08,03:00 ~ 04:00,0,11,0,12,134,0,전북특별자치도 전주시 덕진구 권삼득로 308,전북특별자치도 전주시 덕진구 금암동 664-51,35.84420805,127.1292609
실내체육관,2020,08,04:00 ~ 05:00,0,10,0,11,81,0,전북특별자치도 전주시 덕진구 권삼득로 308,전북특별자치도 전주시 덕진구 금암동 664-51,35.84420805,127.1292609
실내체육관,2020,08,05:00 ~ 06:00,4,14,0,2,43,1,전북특별자치도 전주시 덕진구 권삼득로 308,전북특별자치도 전주시 덕진구 금암동 664-51,35.84420805,127.1292609
실내체육관,2020,08,06:00 ~ 07:00,11,38,0,5,70,0,전북특별자치도 전주시 덕진구 권삼득로 308,전북특별자치도 전주시 덕진구 금암동 664-51,35.84420805,127.1292609
실내체육관,2020,08,07:00 ~ 08:00,37,103,5,11,135,1,전북특별자치도 전주시 덕진구 권삼득로 308,전북특별자치도 전주시 덕진구 금암동 664-51,35.84420805,127.1292609
실내체육관,2020,08,08:00 ~ 09:00,79,259,6,30,66,1,전북특별자치도 전주시 덕진구 권삼득로 308,전북특별자치도 전주시 덕진구 금암동 664-51,35.84420805,127.1292609
실내체육관,2020,08,09:00 ~ 10:00,228,700,9,24,144,2,전북특별자치도 전주시 덕진구 권삼득로 308,전북특별자치도 전주시 덕진구 금암동 664-51,35.84420805,127.1292609
실내체육관,2020,08,10:00 ~ 11:00,108,1178,40,23,341,3,전북특별자치도 전주시 덕진구 권삼득로 308,전북특별자치도 전주시 덕진구 금암동 664-51,35.84420805,127.1292609
실내체육관,2020,08,11:00 ~ 12:00,78,2000,15,62,785,3,전북특별자치도 전주시 덕진구 권삼득로 308,전북특별자치도 전주시 덕진구 금암동 664-51,35.84420805,127.1292609
실내체육관,2020,08,12:00 ~ 13:00,53,2718,27,49,1581,15,전북특별자치도 전주시 덕진구 권삼득로 308,전북특별자치도 전주시 덕진구 금암동 664-51,35.84420805,127.1292609
실내체육관,2020,08,13:00 ~ 14:00,79,2209,18,61,2215,25,전북특별자치도 전주시 덕진구 권삼득로 308,전북특별자치도 전주시 덕진구 금암동 664-51,35.84420805,127.1292609
실내체육관,2020,08,14:00 ~ 15:00,92,2049,13,33,1980,15,전북특별자치도 전주시 덕진구 권삼득로 308,전북특별자치도 전주시 덕진구 금암동 664-51,35.84420805,127.1292609
실내체육관,2020,08,15:00 ~ 16:00,67,1904,18,59,1870,16,전북특별자치도 전주시 덕진구 권삼득로 308,전북특별자치도 전주시 덕진구 금암동 664-51,35.84420805,127.1292609
실내체육관,2020,08,16:00 ~ 17:00,54,1873,15,58,1812,12,전북특별자치도 전주시 덕진구 권삼득로 308,전북특별자치도 전주시 덕진구 금암동 664-51,35.84420805,127.1292609
실내체육관,2020,08,17:00 ~ 18:00,91,2164,14,71,1819,22,전북특별자치도 전주시 덕진구 권삼득로 308,전북특별자치도 전주시 덕진구 금암동 664-51,35.84420805,127.1292609
실내체육관,2020,08,18:00 ~ 19:00,55,2986,28,97,1995,29,전북특별자치도 전주시 덕진구 권삼득로 308,전북특별자치도 전주시 덕진구 금암동 664-51,35.84420805,127.1292609
실내체육관,2020,08,19:00 ~ 20:00,31,2417,11,76,2302,20,전북특별자치도 전주시 덕진구 권삼득로 308,전북특별자치도 전주시 덕진구 금암동 664-51,35.84420805,127.1292609
실내체육관,2020,08,20:00 ~ 21:00,34,1571,11,157,2432,20,전북특별자치도 전주시 덕진구 권삼득로 308,전북특별자치도 전주시 덕진구 금암동 664-51,35.84420805,127.1292609
실내체육관,2020,08,21:00 ~ 22:00,11,860,4,137,1980,39,전북특별자치도 전주시 덕진구 권삼득로 308,전북특별자치도 전주시 덕진구 금암동 664-51,35.84420805,127.1292609
실내체육관,2020,08,22:00 ~ 23:00,12,410,7,52,1363,7,전북특별자치도 전주시 덕진구 권삼득로 308,전북특별자치도 전주시 덕진구 금암동 664-51,35.84420805,127.1292609
실내체육관,2020,08,23:00 ~ 24:00,10,205,1,29,736,5,전북특별자치도 전주시 덕진구 권삼득로 308,전북특별자치도 전주시 덕진구 금암동 664-51,35.84420805,127.1292609
실내체육관,2020,09,00:00 ~ 01:00,8,91,0,16,448,1,전북특별자치도 전주시 덕진구 권삼득로 308,전북특별자치도 전주시 덕진구 금암동 664-51,35.84420805,127.1292609
실내체육관,2020,09,01:00 ~ 02:00,6,30,0,39,314,4,전북특별자치도 전주시 덕진구 권삼득로 308,전북특별자치도 전주시 덕진구 금암동 664-51,35.84420805,127.1292609
실내체육관,2020,09,02:00 ~ 03:00,2,16,0,10,223,3,전북특별자치도 전주시 덕진구 권삼득로 308,전북특별자치도 전주시 덕진구 금암동 664-51,35.84420805,127.1292609
실내체육관,2020,09,03:00 ~ 04:00,0,13,0,8,113,0,전북특별자치도 전주시 덕진구 권삼득로 308,전북특별자치도 전주시 덕진구 금암동 664-51,35.84420805,127.1292609
실내체육관,2020,09,04:00 ~ 05:00,0,9,0,5,64,0,전북특별자치도 전주시 덕진구 권삼득로 308,전북특별자치도 전주시 덕진구 금암동 664-51,35.84420805,127.1292609
실내체육관,2020,09,05:00 ~ 06:00,2,30,0,8,60,0,전북특별자치도 전주시 덕진구 권삼득로 308,전북특별자치도 전주시 덕진구 금암동 664-51,35.84420805,127.1292609
실내체육관,2020,09,06:00 ~ 07:00,12,39,2,11,54,2,전북특별자치도 전주시 덕진구 권삼득로 308,전북특별자치도 전주시 덕진구 금암동 664-51,35.84420805,127.1292609
실내체육관,2020,09,07:00 ~ 08:00,48,146,4,16,129,3,전북특별자치도 전주시 덕진구 권삼득로 308,전북특별자치도 전주시 덕진구 금암동 664-51,35.84420805,127.1292609
실내체육관,2020,09,08:00 ~ 09:00,73,217,6,28,77,0,전북특별자치도 전주시 덕진구 권삼득로 308,전북특별자치도 전주시 덕진구 금암동 664-51,35.84420805,127.1292609
실내체육관,2020,09,09:00 ~ 10:00,230,707,11,22,132,1,전북특별자치도 전주시 덕진구 권삼득로 308,전북특별자치도 전주시 덕진구 금암동 664-51,35.84420805,127.1292609
실내체육관,2020,09,10:00 ~ 11:00,104,1095,22,24,306,7,전북특별자치도 전주시 덕진구 권삼득로 308,전북특별자치도 전주시 덕진구 금암동 664-51,35.84420805,127.1292609
실내체육관,2020,09,11:00 ~ 12:00,82,1722,11,52,774,10,전북특별자치도 전주시 덕진구 권삼득로 308,전북특별자치도 전주시 덕진구 금암동 664-51,35.84420805,127.1292609
실내체육관,2020,09,12:00 ~ 13:00,66,2369,18,52,1487,11,전북특별자치도 전주시 덕진구 권삼득로 308,전북특별자치도 전주시 덕진구 금암동 664-51,35.84420805,127.1292609
실내체육관,2020,09,13:00 ~ 14:00,68,1921,17,67,1926,13,전북특별자치도 전주시 덕진구 권삼득로 308,전북특별자치도 전주시 덕진구 금암동 664-51,35.84420805,127.1292609
실내체육관,2020,09,14:00 ~ 15:00,82,1930,16,51,1875,10,전북특별자치도 전주시 덕진구 권삼득로 308,전북특별자치도 전주시 덕진구 금암동 664-51,35.84420805,127.1292609
실내체육관,2020,09,15:00 ~ 16:00,67,1778,11,53,1729,12,전북특별자치도 전주시 덕진구 권삼득로 308,전북특별자치도 전주시 덕진구 금암동 664-51,35.84420805,127.1292609
실내체육관,2020,09,16:00 ~ 17:00,63,1906,6,65,1724,11,전북특별자치도 전주시 덕진구 권삼득로 308,전북특별자치도 전주시 덕진구 금암동 664-51,35.84420805,127.1292609
실내체육관,2020,09,17:00 ~ 18:00,80,2239,17,59,1833,12,전북특별자치도 전주시 덕진구 권삼득로 308,전북특별자치도 전주시 덕진구 금암동 664-51,35.84420805,127.1292609
실내체육관,2020,09,18:00 ~ 19:00,40,3007,13,111,1929,13,전북특별자치도 전주시 덕진구 권삼득로 308,전북특별자치도 전주시 덕진구 금암동 664-51,35.84420805,127.1292609
실내체육관,2020,09,19:00 ~ 20:00,31,2355,12,87,2173,18,전북특별자치도 전주시 덕진구 권삼득로 308,전북특별자치도 전주시 덕진구 금암동 664-51,35.84420805,127.1292609
실내체육관,2020,09,20:00 ~ 21:00,36,1322,3,159,2248,27,전북특별자치도 전주시 덕진구 권삼득로 308,전북특별자치도 전주시 덕진구 금암동 664-51,35.84420805,127.1292609
실내체육관,2020,09,21:00 ~ 22:00,28,768,12,103,1803,19,전북특별자치도 전주시 덕진구 권삼득로 308,전북특별자치도 전주시 덕진구 금암동 664-51,35.84420805,127.1292609
실내체육관,2020,09,22:00 ~ 23:00,13,405,7,71,1253,9,전북특별자치도 전주시 덕진구 권삼득로 308,전북특별자치도 전주시 덕진구 금암동 664-51,35.84420805,127.1292609
실내체육관,2020,09,23:00 ~ 24:00,6,177,0,29,680,4,전북특별자치도 전주시 덕진구 권삼득로 308,전북특별자치도 전주시 덕진구 금암동 664-51,35.84420805,127.1292609
실내체육관,2020,10,00:00 ~ 01:00,12,130,0,32,493,0,전북특별자치도 전주시 덕진구 권삼득로 308,전북특별자치도 전주시 덕진구 금암동 664-51,35.84420805,127.1292609
실내체육관,2020,10,01:00 ~ 02:00,10,45,0,40,351,1,전북특별자치도 전주시 덕진구 권삼득로 308,전북특별자치도 전주시 덕진구 금암동 664-51,35.84420805,127.1292609
실내체육관,2020,10,02:00 ~ 03:00,2,29,0,12,214,1,전북특별자치도 전주시 덕진구 권삼득로 308,전북특별자치도 전주시 덕진구 금암동 664-51,35.84420805,127.1292609
실내체육관,2020,10,03:00 ~ 04:00,0,9,0,4,107,0,전북특별자치도 전주시 덕진구 권삼득로 308,전북특별자치도 전주시 덕진구 금암동 664-51,35.84420805,127.1292609
실내체육관,2020,10,04:00 ~ 05:00,0,7,0,6,75,0,전북특별자치도 전주시 덕진구 권삼득로 308,전북특별자치도 전주시 덕진구 금암동 664-51,35.84420805,127.1292609
실내체육관,2020,10,05:00 ~ 06:00,0,37,0,3,59,0,전북특별자치도 전주시 덕진구 권삼득로 308,전북특별자치도 전주시 덕진구 금암동 664-51,35.84420805,127.1292609
실내체육관,2020,10,06:00 ~ 07:00,17,52,3,12,86,0,전북특별자치도 전주시 덕진구 권삼득로 308,전북특별자치도 전주시 덕진구 금암동 664-51,35.84420805,127.1292609
실내체육관,2020,10,07:00 ~ 08:00,52,87,1,11,183,1,전북특별자치도 전주시 덕진구 권삼득로 308,전북특별자치도 전주시 덕진구 금암동 664-51,35.84420805,127.1292609
실내체육관,2020,10,08:00 ~ 09:00,107,190,9,28,48,4,전북특별자치도 전주시 덕진구 권삼득로 308,전북특별자치도 전주시 덕진구 금암동 664-51,35.84420805,127.1292609
실내체육관,2020,10,09:00 ~ 10:00,207,670,12,33,108,2,전북특별자치도 전주시 덕진구 권삼득로 308,전북특별자치도 전주시 덕진구 금암동 664-51,35.84420805,127.1292609
실내체육관,2020,10,10:00 ~ 11:00,118,1031,7,34,306,2,전북특별자치도 전주시 덕진구 권삼득로 308,전북특별자치도 전주시 덕진구 금암동 664-51,35.84420805,127.1292609
실내체육관,2020,10,11:00 ~ 12:00,62,1725,21,57,886,12,전북특별자치도 전주시 덕진구 권삼득로 308,전북특별자치도 전주시 덕진구 금암동 664-51,35.84420805,127.1292609
실내체육관,2020,10,12:00 ~ 13:00,50,2287,18,43,1462,14,전북특별자치도 전주시 덕진구 권삼득로 308,전북특별자치도 전주시 덕진구 금암동 664-51,35.84420805,127.1292609
실내체육관,2020,10,13:00 ~ 14:00,54,1657,10,57,1734,14,전북특별자치도 전주시 덕진구 권삼득로 308,전북특별자치도 전주시 덕진구 금암동 664-51,35.84420805,127.1292609
실내체육관,2020,10,14:00 ~ 15:00,78,1599,14,31,1485,18,전북특별자치도 전주시 덕진구 권삼득로 308,전북특별자치도 전주시 덕진구 금암동 664-51,35.84420805,127.1292609
실내체육관,2020,10,15:00 ~ 16:00,51,1575,14,45,1519,10,전북특별자치도 전주시 덕진구 권삼득로 308,전북특별자치도 전주시 덕진구 금암동 664-51,35.84420805,127.1292609
실내체육관,2020,10,16:00 ~ 17:00,43,1674,14,66,1531,8,전북특별자치도 전주시 덕진구 권삼득로 308,전북특별자치도 전주시 덕진구 금암동 664-51,35.84420805,127.1292609
실내체육관,2020,10,17:00 ~ 18:00,79,2111,14,71,1737,17,전북특별자치도 전주시 덕진구 권삼득로 308,전북특별자치도 전주시 덕진구 금암동 664-51,35.84420805,127.1292609
실내체육관,2020,10,18:00 ~ 19:00,41,2867,14,100,1945,14,전북특별자치도 전주시 덕진구 권삼득로 308,전북특별자치도 전주시 덕진구 금암동 664-51,35.84420805,127.1292609
실내체육관,2020,10,19:00 ~ 20:00,40,2393,18,85,2106,13,전북특별자치도 전주시 덕진구 권삼득로 308,전북특별자치도 전주시 덕진구 금암동 664-51,35.84420805,127.1292609
실내체육관,2020,10,20:00 ~ 21:00,29,1418,10,140,2022,15,전북특별자치도 전주시 덕진구 권삼득로 308,전북특별자치도 전주시 덕진구 금암동 664-51,35.84420805,127.1292609
실내체육관,2020,10,21:00 ~ 22:00,30,913,6,105,1738,16,전북특별자치도 전주시 덕진구 권삼득로 308,전북특별자치도 전주시 덕진구 금암동 664-51,35.84420805,127.1292609
실내체육관,2020,10,22:00 ~ 23:00,10,463,3,44,1314,14,전북특별자치도 전주시 덕진구 권삼득로 308,전북특별자치도 전주시 덕진구 금암동 664-51,35.84420805,127.1292609
실내체육관,2020,10,23:00 ~ 24:00,10,223,1,40,667,7,전북특별자치도 전주시 덕진구 권삼득로 308,전북특별자치도 전주시 덕진구 금암동 664-51,35.84420805,127.1292609
실내체육관,2020,11,00:00 ~ 01:00,3,88,0,23,424,7,전북특별자치도 전주시 덕진구 권삼득로 308,전북특별자치도 전주시 덕진구 금암동 664-51,35.84420805,127.1292609
실내체육관,2020,11,01:00 ~ 02:00,6,33,0,41,284,6,전북특별자치도 전주시 덕진구 권삼득로 308,전북특별자치도 전주시 덕진구 금암동 664-51,35.84420805,127.1292609
실내체육관,2020,11,02:00 ~ 03:00,2,19,0,26,155,2,전북특별자치도 전주시 덕진구 권삼득로 308,전북특별자치도 전주시 덕진구 금암동 664-51,35.84420805,127.1292609
실내체육관,2020,11,03:00 ~ 04:00,0,8,0,18,78,0,전북특별자치도 전주시 덕진구 권삼득로 308,전북특별자치도 전주시 덕진구 금암동 664-51,35.84420805,127.1292609
실내체육관,2020,11,04:00 ~ 05:00,1,7,0,6,57,1,전북특별자치도 전주시 덕진구 권삼득로 308,전북특별자치도 전주시 덕진구 금암동 664-51,35.84420805,127.1292609
실내체육관,2020,11,05:00 ~ 06:00,0,31,0,1,58,0,전북특별자치도 전주시 덕진구 권삼득로 308,전북특별자치도 전주시 덕진구 금암동 664-51,35.84420805,127.1292609
실내체육관,2020,11,06:00 ~ 07:00,9,27,3,0,53,3,전북특별자치도 전주시 덕진구 권삼득로 308,전북특별자치도 전주시 덕진구 금암동 664-51,35.84420805,127.1292609
실내체육관,2020,11,07:00 ~ 08:00,44,86,6,7,104,3,전북특별자치도 전주시 덕진구 권삼득로 308,전북특별자치도 전주시 덕진구 금암동 664-51,35.84420805,127.1292609
실내체육관,2020,11,08:00 ~ 09:00,78,171,12,31,51,3,전북특별자치도 전주시 덕진구 권삼득로 308,전북특별자치도 전주시 덕진구 금암동 664-51,35.84420805,127.1292609
실내체육관,2020,11,09:00 ~ 10:00,248,642,3,22,101,2,전북특별자치도 전주시 덕진구 권삼득로 308,전북특별자치도 전주시 덕진구 금암동 664-51,35.84420805,127.1292609
실내체육관,2020,11,10:00 ~ 11:00,106,1110,24,19,292,8,전북특별자치도 전주시 덕진구 권삼득로 308,전북특별자치도 전주시 덕진구 금암동 664-51,35.84420805,127.1292609
실내체육관,2020,11,11:00 ~ 12:00,77,1623,13,51,654,6,전북특별자치도 전주시 덕진구 권삼득로 308,전북특별자치도 전주시 덕진구 금암동 664-51,35.84420805,127.1292609
실내체육관,2020,11,12:00 ~ 13:00,53,2184,14,45,1405,17,전북특별자치도 전주시 덕진구 권삼득로 308,전북특별자치도 전주시 덕진구 금암동 664-51,35.84420805,127.1292609
실내체육관,2020,11,13:00 ~ 14:00,58,1661,16,62,1704,11,전북특별자치도 전주시 덕진구 권삼득로 308,전북특별자치도 전주시 덕진구 금암동 664-51,35.84420805,127.1292609
실내체육관,2020,11,14:00 ~ 15:00,63,1633,17,40,1610,26,전북특별자치도 전주시 덕진구 권삼득로 308,전북특별자치도 전주시 덕진구 금암동 664-51,35.84420805,127.1292609
실내체육관,2020,11,15:00 ~ 16:00,59,1521,12,45,1547,12,전북특별자치도 전주시 덕진구 권삼득로 308,전북특별자치도 전주시 덕진구 금암동 664-51,35.84420805,127.1292609
실내체육관,2020,11,16:00 ~ 17:00,48,1663,9,77,1497,8,전북특별자치도 전주시 덕진구 권삼득로 308,전북특별자치도 전주시 덕진구 금암동 664-51,35.84420805,127.1292609
실내체육관,2020,11,17:00 ~ 18:00,95,1857,16,49,1618,7,전북특별자치도 전주시 덕진구 권삼득로 308,전북특별자치도 전주시 덕진구 금암동 664-51,35.84420805,127.1292609
실내체육관,2020,11,18:00 ~ 19:00,47,2553,14,87,1567,13,전북특별자치도 전주시 덕진구 권삼득로 308,전북특별자치도 전주시 덕진구 금암동 664-51,35.84420805,127.1292609
실내체육관,2020,11,19:00 ~ 20:00,34,2002,14,104,1917,11,전북특별자치도 전주시 덕진구 권삼득로 308,전북특별자치도 전주시 덕진구 금암동 664-51,35.84420805,127.1292609
실내체육관,2020,11,20:00 ~ 21:00,23,1257,8,138,1829,14,전북특별자치도 전주시 덕진구 권삼득로 308,전북특별자치도 전주시 덕진구 금암동 664-51,35.84420805,127.1292609
실내체육관,2020,11,21:00 ~ 22:00,22,722,8,105,1730,17,전북특별자치도 전주시 덕진구 권삼득로 308,전북특별자치도 전주시 덕진구 금암동 664-51,35.84420805,127.1292609
실내체육관,2020,11,22:00 ~ 23:00,14,329,2,56,1201,17,전북특별자치도 전주시 덕진구 권삼득로 308,전북특별자치도 전주시 덕진구 금암동 664-51,35.84420805,127.1292609
실내체육관,2020,11,23:00 ~ 24:00,4,154,2,43,601,3,전북특별자치도 전주시 덕진구 권삼득로 308,전북특별자치도 전주시 덕진구 금암동 664-51,35.84420805,127.1292609
실내체육관,2020,12,00:00 ~ 01:00,1,10,0,5,64,0,전북특별자치도 전주시 덕진구 권삼득로 308,전북특별자치도 전주시 덕진구 금암동 664-51,35.84420805,127.1292609
실내체육관,2020,12,01:00 ~ 02:00,0,7,0,11,51,2,전북특별자치도 전주시 덕진구 권삼득로 308,전북특별자치도 전주시 덕진구 금암동 664-51,35.84420805,127.1292609
실내체육관,2020,12,02:00 ~ 03:00,0,5,0,2,21,0,전북특별자치도 전주시 덕진구 권삼득로 308,전북특별자치도 전주시 덕진구 금암동 664-51,35.84420805,127.1292609
실내체육관,2020,12,03:00 ~ 04:00,0,2,0,2,16,0,전북특별자치도 전주시 덕진구 권삼득로 308,전북특별자치도 전주시 덕진구 금암동 664-51,35.84420805,127.1292609
실내체육관,2020,12,04:00 ~ 05:00,0,1,0,0,11,0,전북특별자치도 전주시 덕진구 권삼득로 308,전북특별자치도 전주시 덕진구 금암동 664-51,35.84420805,127.1292609
실내체육관,2020,12,05:00 ~ 06:00,1,28,0,0,17,0,전북특별자치도 전주시 덕진구 권삼득로 308,전북특별자치도 전주시 덕진구 금암동 664-51,35.84420805,127.1292609
실내체육관,2020,12,06:00 ~ 07:00,5,37,1,0,41,3,전북특별자치도 전주시 덕진구 권삼득로 308,전북특별자치도 전주시 덕진구 금암동 664-51,35.84420805,127.1292609
실내체육관,2020,12,07:00 ~ 08:00,35,61,3,13,137,6,전북특별자치도 전주시 덕진구 권삼득로 308,전북특별자치도 전주시 덕진구 금암동 664-51,35.84420805,127.1292609
실내체육관,2020,12,08:00 ~ 09:00,103,124,1,11,27,0,전북특별자치도 전주시 덕진구 권삼득로 308,전북특별자치도 전주시 덕진구 금암동 664-51,35.84420805,127.1292609
실내체육관,2020,12,09:00 ~ 10:00,243,654,14,22,85,2,전북특별자치도 전주시 덕진구 권삼득로 308,전북특별자치도 전주시 덕진구 금암동 664-51,35.84420805,127.1292609
실내체육관,2020,12,10:00 ~ 11:00,147,896,27,36,253,2,전북특별자치도 전주시 덕진구 권삼득로 308,전북특별자치도 전주시 덕진구 금암동 664-51,35.84420805,127.1292609
실내체육관,2020,12,11:00 ~ 12:00,83,1273,15,50,609,7,전북특별자치도 전주시 덕진구 권삼득로 308,전북특별자치도 전주시 덕진구 금암동 664-51,35.84420805,127.1292609
실내체육관,2020,12,12:00 ~ 13:00,57,1801,7,55,1214,10,전북특별자치도 전주시 덕진구 권삼득로 308,전북특별자치도 전주시 덕진구 금암동 664-51,35.84420805,127.1292609
실내체육관,2020,12,13:00 ~ 14:00,52,1365,10,55,1428,9,전북특별자치도 전주시 덕진구 권삼득로 308,전북특별자치도 전주시 덕진구 금암동 664-51,35.84420805,127.1292609
실내체육관,2020,12,14:00 ~ 15:00,52,1368,7,23,1225,10,전북특별자치도 전주시 덕진구 권삼득로 308,전북특별자치도 전주시 덕진구 금암동 664-51,35.84420805,127.1292609
실내체육관,2020,12,15:00 ~ 16:00,49,1232,10,44,1273,9,전북특별자치도 전주시 덕진구 권삼득로 308,전북특별자치도 전주시 덕진구 금암동 664-51,35.84420805,127.1292609
실내체육관,2020,12,16:00 ~ 17:00,47,1192,11,73,1192,8,전북특별자치도 전주시 덕진구 권삼득로 308,전북특별자치도 전주시 덕진구 금암동 664-51,35.84420805,127.1292609
실내체육관,2020,12,17:00 ~ 18:00,66,1400,10,67,1214,15,전북특별자치도 전주시 덕진구 권삼득로 308,전북특별자치도 전주시 덕진구 금암동 664-51,35.84420805,127.1292609
실내체육관,2020,12,18:00 ~ 19:00,58,1583,13,80,1184,8,전북특별자치도 전주시 덕진구 권삼득로 308,전북특별자치도 전주시 덕진구 금암동 664-51,35.84420805,127.1292609
실내체육관,2020,12,19:00 ~ 20:00,21,995,7,72,1246,7,전북특별자치도 전주시 덕진구 권삼득로 308,전북특별자치도 전주시 덕진구 금암동 664-51,35.84420805,127.1292609
실내체육관,2020,12,20:00 ~ 21:00,14,399,1,168,1307,15,전북특별자치도 전주시 덕진구 권삼득로 308,전북특별자치도 전주시 덕진구 금암동 664-51,35.84420805,127.1292609
실내체육관,2020,12,21:00 ~ 22:00,10,149,1,160,944,10,전북특별자치도 전주시 덕진구 권삼득로 308,전북특별자치도 전주시 덕진구 금암동 664-51,35.84420805,127.1292609
실내체육관,2020,12,22:00 ~ 23:00,8,49,0,61,291,19,전북특별자치도 전주시 덕진구 권삼득로 308,전북특별자치도 전주시 덕진구 금암동 664-51,35.84420805,127.1292609
실내체육관,2020,12,23:00 ~ 24:00,7,17,0,43,142,1,전북특별자치도 전주시 덕진구 권삼득로 308,전북특별자치도 전주시 덕진구 금암동 664-51,35.84420805,127.1292609
실내체육관,2021,01,00:00 ~ 01:00,5,9,0,10,75,0,전북특별자치도 전주시 덕진구 권삼득로 308,전북특별자치도 전주시 덕진구 금암동 664-51,35.84420805,127.1292609
실내체육관,2021,01,01:00 ~ 02:00,1,8,0,11,61,0,전북특별자치도 전주시 덕진구 권삼득로 308,전북특별자치도 전주시 덕진구 금암동 664-51,35.84420805,127.1292609
실내체육관,2021,01,02:00 ~ 03:00,0,4,0,5,25,0,전북특별자치도 전주시 덕진구 권삼득로 308,전북특별자치도 전주시 덕진구 금암동 664-51,35.84420805,127.1292609
실내체육관,2021,01,03:00 ~ 04:00,0,1,0,1,10,0,전북특별자치도 전주시 덕진구 권삼득로 308,전북특별자치도 전주시 덕진구 금암동 664-51,35.84420805,127.1292609
실내체육관,2021,01,04:00 ~ 05:00,0,3,0,1,5,0,전북특별자치도 전주시 덕진구 권삼득로 308,전북특별자치도 전주시 덕진구 금암동 664-51,35.84420805,127.1292609
실내체육관,2021,01,05:00 ~ 06:00,1,23,0,0,13,0,전북특별자치도 전주시 덕진구 권삼득로 308,전북특별자치도 전주시 덕진구 금암동 664-51,35.84420805,127.1292609
실내체육관,2021,01,06:00 ~ 07:00,4,47,0,5,67,0,전북특별자치도 전주시 덕진구 권삼득로 308,전북특별자치도 전주시 덕진구 금암동 664-51,35.84420805,127.1292609
실내체육관,2021,01,07:00 ~ 08:00,46,35,0,11,73,1,전북특별자치도 전주시 덕진구 권삼득로 308,전북특별자치도 전주시 덕진구 금암동 664-51,35.84420805,127.1292609
실내체육관,2021,01,08:00 ~ 09:00,92,198,1,11,30,0,전북특별자치도 전주시 덕진구 권삼득로 308,전북특별자치도 전주시 덕진구 금암동 664-51,35.84420805,127.1292609
실내체육관,2021,01,09:00 ~ 10:00,289,509,20,33,71,1,전북특별자치도 전주시 덕진구 권삼득로 308,전북특별자치도 전주시 덕진구 금암동 664-51,35.84420805,127.1292609
실내체육관,2021,01,10:00 ~ 11:00,249,960,8,38,283,3,전북특별자치도 전주시 덕진구 권삼득로 308,전북특별자치도 전주시 덕진구 금암동 664-51,35.84420805,127.1292609
실내체육관,2021,01,11:00 ~ 12:00,97,1413,10,45,664,5,전북특별자치도 전주시 덕진구 권삼득로 308,전북특별자치도 전주시 덕진구 금암동 664-51,35.84420805,127.1292609
실내체육관,2021,01,12:00 ~ 13:00,82,1834,9,55,1184,10,전북특별자치도 전주시 덕진구 권삼득로 308,전북특별자치도 전주시 덕진구 금암동 664-51,35.84420805,127.1292609
실내체육관,2021,01,13:00 ~ 14:00,98,1500,10,46,1462,14,전북특별자치도 전주시 덕진구 권삼득로 308,전북특별자치도 전주시 덕진구 금암동 664-51,35.84420805,127.1292609
실내체육관,2021,01,14:00 ~ 15:00,67,1444,11,63,1445,12,전북특별자치도 전주시 덕진구 권삼득로 308,전북특별자치도 전주시 덕진구 금암동 664-51,35.84420805,127.1292609
실내체육관,2021,01,15:00 ~ 16:00,56,1413,15,73,1343,14,전북특별자치도 전주시 덕진구 권삼득로 308,전북특별자치도 전주시 덕진구 금암동 664-51,35.84420805,127.1292609
실내체육관,2021,01,16:00 ~ 17:00,79,1355,11,67,1377,11,전북특별자치도 전주시 덕진구 권삼득로 308,전북특별자치도 전주시 덕진구 금암동 664-51,35.84420805,127.1292609
실내체육관,2021,01,17:00 ~ 18:00,79,1644,15,39,1416,8,전북특별자치도 전주시 덕진구 권삼득로 308,전북특별자치도 전주시 덕진구 금암동 664-51,35.84420805,127.1292609
실내체육관,2021,01,18:00 ~ 19:00,37,2046,20,95,1441,12,전북특별자치도 전주시 덕진구 권삼득로 308,전북특별자치도 전주시 덕진구 금암동 664-51,35.84420805,127.1292609
실내체육관,2021,01,19:00 ~ 20:00,23,1340,6,96,1535,17,전북특별자치도 전주시 덕진구 권삼득로 308,전북특별자치도 전주시 덕진구 금암동 664-51,35.84420805,127.1292609
실내체육관,2021,01,20:00 ~ 21:00,20,433,4,187,1676,23,전북특별자치도 전주시 덕진구 권삼득로 308,전북특별자치도 전주시 덕진구 금암동 664-51,35.84420805,127.1292609
실내체육관,2021,01,21:00 ~ 22:00,20,143,2,292,1091,9,전북특별자치도 전주시 덕진구 권삼득로 308,전북특별자치도 전주시 덕진구 금암동 664-51,35.84420805,127.1292609
실내체육관,2021,01,22:00 ~ 23:00,4,54,0,130,234,3,전북특별자치도 전주시 덕진구 권삼득로 308,전북특별자치도 전주시 덕진구 금암동 664-51,35.84420805,127.1292609
실내체육관,2021,01,23:00 ~ 24:00,1,23,0,29,94,0,전북특별자치도 전주시 덕진구 권삼득로 308,전북특별자치도 전주시 덕진구 금암동 664-51,35.84420805,127.1292609
실내체육관,2021,02,00:00 ~ 01:00,5,38,0,29,175,0,전북특별자치도 전주시 덕진구 권삼득로 308,전북특별자치도 전주시 덕진구 금암동 664-51,35.84420805,127.1292609
실내체육관,2021,02,01:00 ~ 02:00,8,14,0,23,124,1,전북특별자치도 전주시 덕진구 권삼득로 308,전북특별자치도 전주시 덕진구 금암동 664-51,35.84420805,127.1292609
실내체육관,2021,02,02:00 ~ 03:00,0,10,0,7,76,0,전북특별자치도 전주시 덕진구 권삼득로 308,전북특별자치도 전주시 덕진구 금암동 664-51,35.84420805,127.1292609
실내체육관,2021,02,03:00 ~ 04:00,0,13,0,3,45,0,전북특별자치도 전주시 덕진구 권삼득로 308,전북특별자치도 전주시 덕진구 금암동 664-51,35.84420805,127.1292609
실내체육관,2021,02,04:00 ~ 05:00,0,3,0,5,16,0,전북특별자치도 전주시 덕진구 권삼득로 308,전북특별자치도 전주시 덕진구 금암동 664-51,35.84420805,127.1292609
실내체육관,2021,02,05:00 ~ 06:00,1,23,0,3,28,0,전북특별자치도 전주시 덕진구 권삼득로 308,전북특별자치도 전주시 덕진구 금암동 664-51,35.84420805,127.1292609
실내체육관,2021,02,06:00 ~ 07:00,1,43,5,7,123,6,전북특별자치도 전주시 덕진구 권삼득로 308,전북특별자치도 전주시 덕진구 금암동 664-51,35.84420805,127.1292609
실내체육관,2021,02,07:00 ~ 08:00,37,44,0,3,40,2,전북특별자치도 전주시 덕진구 권삼득로 308,전북특별자치도 전주시 덕진구 금암동 664-51,35.84420805,127.1292609
실내체육관,2021,02,08:00 ~ 09:00,85,150,9,17,39,2,전북특별자치도 전주시 덕진구 권삼득로 308,전북특별자치도 전주시 덕진구 금암동 664-51,35.84420805,127.1292609
실내체육관,2021,02,09:00 ~ 10:00,212,560,11,34,103,3,전북특별자치도 전주시 덕진구 권삼득로 308,전북특별자치도 전주시 덕진구 금암동 664-51,35.84420805,127.1292609
실내체육관,2021,02,10:00 ~ 11:00,248,1088,17,13,300,5,전북특별자치도 전주시 덕진구 권삼득로 308,전북특별자치도 전주시 덕진구 금암동 664-51,35.84420805,127.1292609
실내체육관,2021,02,11:00 ~ 12:00,91,1658,16,54,716,6,전북특별자치도 전주시 덕진구 권삼득로 308,전북특별자치도 전주시 덕진구 금암동 664-51,35.84420805,127.1292609
실내체육관,2021,02,12:00 ~ 13:00,80,2368,19,40,1375,11,전북특별자치도 전주시 덕진구 권삼득로 308,전북특별자치도 전주시 덕진구 금암동 664-51,35.84420805,127.1292609
실내체육관,2021,02,13:00 ~ 14:00,90,2046,11,68,2020,15,전북특별자치도 전주시 덕진구 권삼득로 308,전북특별자치도 전주시 덕진구 금암동 664-51,35.84420805,127.1292609
실내체육관,2021,02,14:00 ~ 15:00,79,1974,16,55,1867,23,전북특별자치도 전주시 덕진구 권삼득로 308,전북특별자치도 전주시 덕진구 금암동 664-51,35.84420805,127.1292609
실내체육관,2021,02,15:00 ~ 16:00,65,1868,15,69,1851,19,전북특별자치도 전주시 덕진구 권삼득로 308,전북특별자치도 전주시 덕진구 금암동 664-51,35.84420805,127.1292609
실내체육관,2021,02,16:00 ~ 17:00,78,1652,12,64,1715,17,전북특별자치도 전주시 덕진구 권삼득로 308,전북특별자치도 전주시 덕진구 금암동 664-51,35.84420805,127.1292609
실내체육관,2021,02,17:00 ~ 18:00,88,2034,14,37,1734,15,전북특별자치도 전주시 덕진구 권삼득로 308,전북특별자치도 전주시 덕진구 금암동 664-51,35.84420805,127.1292609
실내체육관,2021,02,18:00 ~ 19:00,35,2630,18,81,1756,18,전북특별자치도 전주시 덕진구 권삼득로 308,전북특별자치도 전주시 덕진구 금암동 664-51,35.84420805,127.1292609
실내체육관,2021,02,19:00 ~ 20:00,21,1855,11,85,1853,12,전북특별자치도 전주시 덕진구 권삼득로 308,전북특별자치도 전주시 덕진구 금암동 664-51,35.84420805,127.1292609
실내체육관,2021,02,20:00 ~ 21:00,15,814,2,172,1904,19,전북특별자치도 전주시 덕진구 권삼득로 308,전북특별자치도 전주시 덕진구 금암동 664-51,35.84420805,127.1292609
실내체육관,2021,02,21:00 ~ 22:00,25,355,0,204,1540,4,전북특별자치도 전주시 덕진구 권삼득로 308,전북특별자치도 전주시 덕진구 금암동 664-51,35.84420805,127.1292609
실내체육관,2021,02,22:00 ~ 23:00,8,156,2,152,754,3,전북특별자치도 전주시 덕진구 권삼득로 308,전북특별자치도 전주시 덕진구 금암동 664-51,35.84420805,127.1292609
실내체육관,2021,02,23:00 ~ 24:00,7,55,0,46,301,1,전북특별자치도 전주시 덕진구 권삼득로 308,전북특별자치도 전주시 덕진구 금암동 664-51,35.84420805,127.1292609
실내체육관,2021,03,00:00 ~ 01:00,5,46,0,32,279,2,전북특별자치도 전주시 덕진구 권삼득로 308,전북특별자치도 전주시 덕진구 금암동 664-51,35.84420805,127.1292609
실내체육관,2021,03,01:00 ~ 02:00,4,23,0,22,186,0,전북특별자치도 전주시 덕진구 권삼득로 308,전북특별자치도 전주시 덕진구 금암동 664-51,35.84420805,127.1292609
실내체육관,2021,03,02:00 ~ 03:00,0,16,0,19,121,0,전북특별자치도 전주시 덕진구 권삼득로 308,전북특별자치도 전주시 덕진구 금암동 664-51,35.84420805,127.1292609
실내체육관,2021,03,03:00 ~ 04:00,0,5,0,4,67,0,전북특별자치도 전주시 덕진구 권삼득로 308,전북특별자치도 전주시 덕진구 금암동 664-51,35.84420805,127.1292609
실내체육관,2021,03,04:00 ~ 05:00,4,3,0,5,29,0,전북특별자치도 전주시 덕진구 권삼득로 308,전북특별자치도 전주시 덕진구 금암동 664-51,35.84420805,127.1292609
실내체육관,2021,03,05:00 ~ 06:00,0,28,1,11,33,1,전북특별자치도 전주시 덕진구 권삼득로 308,전북특별자치도 전주시 덕진구 금암동 664-51,35.84420805,127.1292609
실내체육관,2021,03,06:00 ~ 07:00,3,34,4,14,127,7,전북특별자치도 전주시 덕진구 권삼득로 308,전북특별자치도 전주시 덕진구 금암동 664-51,35.84420805,127.1292609
실내체육관,2021,03,07:00 ~ 08:00,42,83,0,9,53,1,전북특별자치도 전주시 덕진구 권삼득로 308,전북특별자치도 전주시 덕진구 금암동 664-51,35.84420805,127.1292609
실내체육관,2021,03,08:00 ~ 09:00,99,195,9,12,68,0,전북특별자치도 전주시 덕진구 권삼득로 308,전북특별자치도 전주시 덕진구 금암동 664-51,35.84420805,127.1292609
실내체육관,2021,03,09:00 ~ 10:00,240,745,5,28,128,2,전북특별자치도 전주시 덕진구 권삼득로 308,전북특별자치도 전주시 덕진구 금암동 664-51,35.84420805,127.1292609
실내체육관,2021,03,10:00 ~ 11:00,262,1130,28,28,359,3,전북특별자치도 전주시 덕진구 권삼득로 308,전북특별자치도 전주시 덕진구 금암동 664-51,35.84420805,127.1292609
실내체육관,2021,03,11:00 ~ 12:00,104,1735,9,46,832,9,전북특별자치도 전주시 덕진구 권삼득로 308,전북특별자치도 전주시 덕진구 금암동 664-51,35.84420805,127.1292609
실내체육관,2021,03,12:00 ~ 13:00,71,2214,17,54,1491,10,전북특별자치도 전주시 덕진구 권삼득로 308,전북특별자치도 전주시 덕진구 금암동 664-51,35.84420805,127.1292609
실내체육관,2021,03,13:00 ~ 14:00,77,1773,15,61,1808,12,전북특별자치도 전주시 덕진구 권삼득로 308,전북특별자치도 전주시 덕진구 금암동 664-51,35.84420805,127.1292609
실내체육관,2021,03,14:00 ~ 15:00,65,1680,17,71,1722,19,전북특별자치도 전주시 덕진구 권삼득로 308,전북특별자치도 전주시 덕진구 금암동 664-51,35.84420805,127.1292609
실내체육관,2021,03,15:00 ~ 16:00,65,1513,11,59,1524,18,전북특별자치도 전주시 덕진구 권삼득로 308,전북특별자치도 전주시 덕진구 금암동 664-51,35.84420805,127.1292609
실내체육관,2021,03,16:00 ~ 17:00,78,1616,9,55,1450,11,전북특별자치도 전주시 덕진구 권삼득로 308,전북특별자치도 전주시 덕진구 금암동 664-51,35.84420805,127.1292609
실내체육관,2021,03,17:00 ~ 18:00,98,1867,15,51,1574,17,전북특별자치도 전주시 덕진구 권삼득로 308,전북특별자치도 전주시 덕진구 금암동 664-51,35.84420805,127.1292609
실내체육관,2021,03,18:00 ~ 19:00,47,2701,18,104,1827,28,전북특별자치도 전주시 덕진구 권삼득로 308,전북특별자치도 전주시 덕진구 금암동 664-51,35.84420805,127.1292609
실내체육관,2021,03,19:00 ~ 20:00,24,1919,8,93,1970,9,전북특별자치도 전주시 덕진구 권삼득로 308,전북특별자치도 전주시 덕진구 금암동 664-51,35.84420805,127.1292609
실내체육관,2021,03,20:00 ~ 21:00,14,1128,7,172,1866,9,전북특별자치도 전주시 덕진구 권삼득로 308,전북특별자치도 전주시 덕진구 금암동 664-51,35.84420805,127.1292609
실내체육관,2021,03,21:00 ~ 22:00,15,574,5,171,1466,14,전북특별자치도 전주시 덕진구 권삼득로 308,전북특별자치도 전주시 덕진구 금암동 664-51,35.84420805,127.1292609
실내체육관,2021,03,22:00 ~ 23:00,9,292,2,169,954,5,전북특별자치도 전주시 덕진구 권삼득로 308,전북특별자치도 전주시 덕진구 금암동 664-51,35.84420805,127.1292609
실내체육관,2021,03,23:00 ~ 24:00,32,122,1,53,495,5,전북특별자치도 전주시 덕진구 권삼득로 308,전북특별자치도 전주시 덕진구 금암동 664-51,35.84420805,127.1292609
실내체육관,2021,04,00:00 ~ 01:00,2,21,0,14,129,0,전북특별자치도 전주시 덕진구 권삼득로 308,전북특별자치도 전주시 덕진구 금암동 664-51,35.84420805,127.1292609
실내체육관,2021,04,01:00 ~ 02:00,2,14,0,11,78,0,전북특별자치도 전주시 덕진구 권삼득로 308,전북특별자치도 전주시 덕진구 금암동 664-51,35.84420805,127.1292609
실내체육관,2021,04,02:00 ~ 03:00,0,8,0,9,59,1,전북특별자치도 전주시 덕진구 권삼득로 308,전북특별자치도 전주시 덕진구 금암동 664-51,35.84420805,127.1292609
실내체육관,2021,04,03:00 ~ 04:00,0,4,0,0,36,0,전북특별자치도 전주시 덕진구 권삼득로 308,전북특별자치도 전주시 덕진구 금암동 664-51,35.84420805,127.1292609
실내체육관,2021,04,04:00 ~ 05:00,0,8,0,2,12,0,전북특별자치도 전주시 덕진구 권삼득로 308,전북특별자치도 전주시 덕진구 금암동 664-51,35.84420805,127.1292609
실내체육관,2021,04,05:00 ~ 06:00,0,10,0,1,18,0,전북특별자치도 전주시 덕진구 권삼득로 308,전북특별자치도 전주시 덕진구 금암동 664-51,35.84420805,127.1292609
실내체육관,2021,04,06:00 ~ 07:00,7,26,5,13,137,8,전북특별자치도 전주시 덕진구 권삼득로 308,전북특별자치도 전주시 덕진구 금암동 664-51,35.84420805,127.1292609
실내체육관,2021,04,07:00 ~ 08:00,42,87,3,9,74,3,전북특별자치도 전주시 덕진구 권삼득로 308,전북특별자치도 전주시 덕진구 금암동 664-51,35.84420805,127.1292609
실내체육관,2021,04,08:00 ~ 09:00,99,184,12,25,54,0,전북특별자치도 전주시 덕진구 권삼득로 308,전북특별자치도 전주시 덕진구 금암동 664-51,35.84420805,127.1292609
실내체육관,2021,04,09:00 ~ 10:00,263,601,3,21,121,2,전북특별자치도 전주시 덕진구 권삼득로 308,전북특별자치도 전주시 덕진구 금암동 664-51,35.84420805,127.1292609
실내체육관,2021,04,10:00 ~ 11:00,247,1051,27,24,316,2,전북특별자치도 전주시 덕진구 권삼득로 308,전북특별자치도 전주시 덕진구 금암동 664-51,35.84420805,127.1292609
실내체육관,2021,04,11:00 ~ 12:00,103,1637,21,52,782,8,전북특별자치도 전주시 덕진구 권삼득로 308,전북특별자치도 전주시 덕진구 금암동 664-51,35.84420805,127.1292609
실내체육관,2021,04,12:00 ~ 13:00,75,2057,16,40,1508,16,전북특별자치도 전주시 덕진구 권삼득로 308,전북특별자치도 전주시 덕진구 금암동 664-51,35.84420805,127.1292609
실내체육관,2021,04,13:00 ~ 14:00,71,1533,14,81,1635,8,전북특별자치도 전주시 덕진구 권삼득로 308,전북특별자치도 전주시 덕진구 금암동 664-51,35.84420805,127.1292609
실내체육관,2021,04,14:00 ~ 15:00,69,1510,5,64,1477,21,전북특별자치도 전주시 덕진구 권삼득로 308,전북특별자치도 전주시 덕진구 금암동 664-51,35.84420805,127.1292609
실내체육관,2021,04,15:00 ~ 16:00,58,1383,14,75,1379,9,전북특별자치도 전주시 덕진구 권삼득로 308,전북특별자치도 전주시 덕진구 금암동 664-51,35.84420805,127.1292609
실내체육관,2021,04,16:00 ~ 17:00,65,1469,12,45,1348,11,전북특별자치도 전주시 덕진구 권삼득로 308,전북특별자치도 전주시 덕진구 금암동 664-51,35.84420805,127.1292609
실내체육관,2021,04,17:00 ~ 18:00,70,1665,16,63,1374,27,전북특별자치도 전주시 덕진구 권삼득로 308,전북특별자치도 전주시 덕진구 금암동 664-51,35.84420805,127.1292609
실내체육관,2021,04,18:00 ~ 19:00,32,2213,15,92,1525,24,전북특별자치도 전주시 덕진구 권삼득로 308,전북특별자치도 전주시 덕진구 금암동 664-51,35.84420805,127.1292609
실내체육관,2021,04,19:00 ~ 20:00,31,1811,6,79,1667,13,전북특별자치도 전주시 덕진구 권삼득로 308,전북특별자치도 전주시 덕진구 금암동 664-51,35.84420805,127.1292609
실내체육관,2021,04,20:00 ~ 21:00,24,945,7,140,1678,10,전북특별자치도 전주시 덕진구 권삼득로 308,전북특별자치도 전주시 덕진구 금암동 664-51,35.84420805,127.1292609
실내체육관,2021,04,21:00 ~ 22:00,18,401,4,183,1484,13,전북특별자치도 전주시 덕진구 권삼득로 308,전북특별자치도 전주시 덕진구 금암동 664-51,35.84420805,127.1292609
실내체육관,2021,04,22:00 ~ 23:00,16,192,1,216,827,5,전북특별자치도 전주시 덕진구 권삼득로 308,전북특별자치도 전주시 덕진구 금암동 664-51,35.84420805,127.1292609
실내체육관,2021,04,23:00 ~ 24:00,9,58,0,42,253,2,전북특별자치도 전주시 덕진구 권삼득로 308,전북특별자치도 전주시 덕진구 금암동 664-51,35.84420805,127.1292609
실내체육관,2021,05,00:00 ~ 01:00,1,73,0,18,435,5,전북특별자치도 전주시 덕진구 권삼득로 308,전북특별자치도 전주시 덕진구 금암동 664-51,35.84420805,127.1292609
실내체육관,2021,05,01:00 ~ 02:00,3,32,0,30,254,2,전북특별자치도 전주시 덕진구 권삼득로 308,전북특별자치도 전주시 덕진구 금암동 664-51,35.84420805,127.1292609
실내체육관,2021,05,02:00 ~ 03:00,0,16,0,20,153,0,전북특별자치도 전주시 덕진구 권삼득로 308,전북특별자치도 전주시 덕진구 금암동 664-51,35.84420805,127.1292609
실내체육관,2021,05,03:00 ~ 04:00,0,7,0,9,105,0,전북특별자치도 전주시 덕진구 권삼득로 308,전북특별자치도 전주시 덕진구 금암동 664-51,35.84420805,127.1292609
실내체육관,2021,05,04:00 ~ 05:00,0,2,0,0,28,0,전북특별자치도 전주시 덕진구 권삼득로 308,전북특별자치도 전주시 덕진구 금암동 664-51,35.84420805,127.1292609
실내체육관,2021,05,05:00 ~ 06:00,0,8,0,11,22,0,전북특별자치도 전주시 덕진구 권삼득로 308,전북특별자치도 전주시 덕진구 금암동 664-51,35.84420805,127.1292609
실내체육관,2021,05,06:00 ~ 07:00,12,24,7,11,75,9,전북특별자치도 전주시 덕진구 권삼득로 308,전북특별자치도 전주시 덕진구 금암동 664-51,35.84420805,127.1292609
실내체육관,2021,05,07:00 ~ 08:00,51,74,6,15,45,2,전북특별자치도 전주시 덕진구 권삼득로 308,전북특별자치도 전주시 덕진구 금암동 664-51,35.84420805,127.1292609
실내체육관,2021,05,08:00 ~ 09:00,100,150,7,31,41,1,전북특별자치도 전주시 덕진구 권삼득로 308,전북특별자치도 전주시 덕진구 금암동 664-51,35.84420805,127.1292609
실내체육관,2021,05,09:00 ~ 10:00,254,563,4,39,96,1,전북특별자치도 전주시 덕진구 권삼득로 308,전북특별자치도 전주시 덕진구 금암동 664-51,35.84420805,127.1292609
실내체육관,2021,05,10:00 ~ 11:00,235,1089,8,27,319,6,전북특별자치도 전주시 덕진구 권삼득로 308,전북특별자치도 전주시 덕진구 금암동 664-51,35.84420805,127.1292609
실내체육관,2021,05,11:00 ~ 12:00,107,1777,15,48,757,8,전북특별자치도 전주시 덕진구 권삼득로 308,전북특별자치도 전주시 덕진구 금암동 664-51,35.84420805,127.1292609
실내체육관,2021,05,12:00 ~ 13:00,84,2364,18,55,1551,11,전북특별자치도 전주시 덕진구 권삼득로 308,전북특별자치도 전주시 덕진구 금암동 664-51,35.84420805,127.1292609
실내체육관,2021,05,13:00 ~ 14:00,80,2040,14,65,1993,17,전북특별자치도 전주시 덕진구 권삼득로 308,전북특별자치도 전주시 덕진구 금암동 664-51,35.84420805,127.1292609
실내체육관,2021,05,14:00 ~ 15:00,61,1807,16,59,1626,15,전북특별자치도 전주시 덕진구 권삼득로 308,전북특별자치도 전주시 덕진구 금암동 664-51,35.84420805,127.1292609
실내체육관,2021,05,15:00 ~ 16:00,71,1713,7,63,1747,19,전북특별자치도 전주시 덕진구 권삼득로 308,전북특별자치도 전주시 덕진구 금암동 664-51,35.84420805,127.1292609
실내체육관,2021,05,16:00 ~ 17:00,72,1734,17,59,1573,13,전북특별자치도 전주시 덕진구 권삼득로 308,전북특별자치도 전주시 덕진구 금암동 664-51,35.84420805,127.1292609
실내체육관,2021,05,17:00 ~ 18:00,112,2019,20,78,1697,21,전북특별자치도 전주시 덕진구 권삼득로 308,전북특별자치도 전주시 덕진구 금암동 664-51,35.84420805,127.1292609
실내체육관,2021,05,18:00 ~ 19:00,40,2857,25,95,1795,12,전북특별자치도 전주시 덕진구 권삼득로 308,전북특별자치도 전주시 덕진구 금암동 664-51,35.84420805,127.1292609
실내체육관,2021,05,19:00 ~ 20:00,36,2421,10,102,2057,20,전북특별자치도 전주시 덕진구 권삼득로 308,전북특별자치도 전주시 덕진구 금암동 664-51,35.84420805,127.1292609
실내체육관,2021,05,20:00 ~ 21:00,27,1452,12,180,2175,18,전북특별자치도 전주시 덕진구 권삼득로 308,전북특별자치도 전주시 덕진구 금암동 664-51,35.84420805,127.1292609
실내체육관,2021,05,21:00 ~ 22:00,15,785,14,186,1907,12,전북특별자치도 전주시 덕진구 권삼득로 308,전북특별자치도 전주시 덕진구 금암동 664-51,35.84420805,127.1292609
실내체육관,2021,05,22:00 ~ 23:00,11,363,1,172,1128,9,전북특별자치도 전주시 덕진구 권삼득로 308,전북특별자치도 전주시 덕진구 금암동 664-51,35.84420805,127.1292609
실내체육관,2021,05,23:00 ~ 24:00,31,156,3,23,616,5,전북특별자치도 전주시 덕진구 권삼득로 308,전북특별자치도 전주시 덕진구 금암동 664-51,35.84420805,127.1292609
실내체육관,2021,06,00:00 ~ 01:00,2,66,1,21,413,1,전북특별자치도 전주시 덕진구 권삼득로 308,전북특별자치도 전주시 덕진구 금암동 664-51,35.84420805,127.1292609
실내체육관,2021,06,01:00 ~ 02:00,4,32,0,22,240,2,전북특별자치도 전주시 덕진구 권삼득로 308,전북특별자치도 전주시 덕진구 금암동 664-51,35.84420805,127.1292609
실내체육관,2021,06,02:00 ~ 03:00,1,14,0,24,163,2,전북특별자치도 전주시 덕진구 권삼득로 308,전북특별자치도 전주시 덕진구 금암동 664-51,35.84420805,127.1292609
실내체육관,2021,06,03:00 ~ 04:00,0,9,0,8,93,0,전북특별자치도 전주시 덕진구 권삼득로 308,전북특별자치도 전주시 덕진구 금암동 664-51,35.84420805,127.1292609
실내체육관,2021,06,04:00 ~ 05:00,0,5,0,1,39,0,전북특별자치도 전주시 덕진구 권삼득로 308,전북특별자치도 전주시 덕진구 금암동 664-51,35.84420805,127.1292609
실내체육관,2021,06,05:00 ~ 06:00,1,19,0,2,32,0,전북특별자치도 전주시 덕진구 권삼득로 308,전북특별자치도 전주시 덕진구 금암동 664-51,35.84420805,127.1292609
실내체육관,2021,06,06:00 ~ 07:00,13,15,3,22,44,4,전북특별자치도 전주시 덕진구 권삼득로 308,전북특별자치도 전주시 덕진구 금암동 664-51,35.84420805,127.1292609
실내체육관,2021,06,07:00 ~ 08:00,71,120,0,28,49,5,전북특별자치도 전주시 덕진구 권삼득로 308,전북특별자치도 전주시 덕진구 금암동 664-51,35.84420805,127.1292609
실내체육관,2021,06,08:00 ~ 09:00,99,185,7,39,58,0,전북특별자치도 전주시 덕진구 권삼득로 308,전북특별자치도 전주시 덕진구 금암동 664-51,35.84420805,127.1292609
실내체육관,2021,06,09:00 ~ 10:00,228,733,2,41,115,2,전북특별자치도 전주시 덕진구 권삼득로 308,전북특별자치도 전주시 덕진구 금암동 664-51,35.84420805,127.1292609
실내체육관,2021,06,10:00 ~ 11:00,240,1183,14,24,375,5,전북특별자치도 전주시 덕진구 권삼득로 308,전북특별자치도 전주시 덕진구 금암동 664-51,35.84420805,127.1292609
실내체육관,2021,06,11:00 ~ 12:00,119,1909,20,48,755,6,전북특별자치도 전주시 덕진구 권삼득로 308,전북특별자치도 전주시 덕진구 금암동 664-51,35.84420805,127.1292609
실내체육관,2021,06,12:00 ~ 13:00,75,2550,26,52,1607,20,전북특별자치도 전주시 덕진구 권삼득로 308,전북특별자치도 전주시 덕진구 금암동 664-51,35.84420805,127.1292609
실내체육관,2021,06,13:00 ~ 14:00,105,2011,16,64,2049,22,전북특별자치도 전주시 덕진구 권삼득로 308,전북특별자치도 전주시 덕진구 금암동 664-51,35.84420805,127.1292609
실내체육관,2021,06,14:00 ~ 15:00,63,1880,14,60,1848,19,전북특별자치도 전주시 덕진구 권삼득로 308,전북특별자치도 전주시 덕진구 금암동 664-51,35.84420805,127.1292609
실내체육관,2021,06,15:00 ~ 16:00,69,1669,13,56,1691,19,전북특별자치도 전주시 덕진구 권삼득로 308,전북특별자치도 전주시 덕진구 금암동 664-51,35.84420805,127.1292609
실내체육관,2021,06,16:00 ~ 17:00,68,1874,17,73,1674,13,전북특별자치도 전주시 덕진구 권삼득로 308,전북특별자치도 전주시 덕진구 금암동 664-51,35.84420805,127.1292609
실내체육관,2021,06,17:00 ~ 18:00,114,2146,16,68,1785,18,전북특별자치도 전주시 덕진구 권삼득로 308,전북특별자치도 전주시 덕진구 금암동 664-51,35.84420805,127.1292609
실내체육관,2021,06,18:00 ~ 19:00,43,3195,12,106,1897,18,전북특별자치도 전주시 덕진구 권삼득로 308,전북특별자치도 전주시 덕진구 금암동 664-51,35.84420805,127.1292609
실내체육관,2021,06,19:00 ~ 20:00,47,2501,16,99,2238,10,전북특별자치도 전주시 덕진구 권삼득로 308,전북특별자치도 전주시 덕진구 금암동 664-51,35.84420805,127.1292609
실내체육관,2021,06,20:00 ~ 21:00,21,1484,12,176,2329,12,전북특별자치도 전주시 덕진구 권삼득로 308,전북특별자치도 전주시 덕진구 금암동 664-51,35.84420805,127.1292609
실내체육관,2021,06,21:00 ~ 22:00,25,805,8,192,1951,13,전북특별자치도 전주시 덕진구 권삼득로 308,전북특별자치도 전주시 덕진구 금암동 664-51,35.84420805,127.1292609
실내체육관,2021,06,22:00 ~ 23:00,11,359,4,171,1179,5,전북특별자치도 전주시 덕진구 권삼득로 308,전북특별자치도 전주시 덕진구 금암동 664-51,35.84420805,127.1292609
실내체육관,2021,06,23:00 ~ 24:00,31,159,1,49,653,7,전북특별자치도 전주시 덕진구 권삼득로 308,전북특별자치도 전주시 덕진구 금암동 664-51,35.84420805,127.1292609
실내체육관,2021,07,00:00 ~ 01:00,0,79,0,35,409,5,전북특별자치도 전주시 덕진구 권삼득로 308,전북특별자치도 전주시 덕진구 금암동 664-51,35.84420805,127.1292609
실내체육관,2021,07,01:00 ~ 02:00,1,36,0,18,209,0,전북특별자치도 전주시 덕진구 권삼득로 308,전북특별자치도 전주시 덕진구 금암동 664-51,35.84420805,127.1292609
실내체육관,2021,07,02:00 ~ 03:00,0,22,0,24,136,0,전북특별자치도 전주시 덕진구 권삼득로 308,전북특별자치도 전주시 덕진구 금암동 664-51,35.84420805,127.1292609
실내체육관,2021,07,03:00 ~ 04:00,0,13,0,11,98,0,전북특별자치도 전주시 덕진구 권삼득로 308,전북특별자치도 전주시 덕진구 금암동 664-51,35.84420805,127.1292609
실내체육관,2021,07,04:00 ~ 05:00,1,3,0,0,43,0,전북특별자치도 전주시 덕진구 권삼득로 308,전북특별자치도 전주시 덕진구 금암동 664-51,35.84420805,127.1292609
실내체육관,2021,07,05:00 ~ 06:00,2,11,0,0,27,0,전북특별자치도 전주시 덕진구 권삼득로 308,전북특별자치도 전주시 덕진구 금암동 664-51,35.84420805,127.1292609
실내체육관,2021,07,06:00 ~ 07:00,26,20,3,15,37,3,전북특별자치도 전주시 덕진구 권삼득로 308,전북특별자치도 전주시 덕진구 금암동 664-51,35.84420805,127.1292609
실내체육관,2021,07,07:00 ~ 08:00,51,48,1,35,61,3,전북특별자치도 전주시 덕진구 권삼득로 308,전북특별자치도 전주시 덕진구 금암동 664-51,35.84420805,127.1292609
실내체육관,2021,07,08:00 ~ 09:00,128,258,14,25,44,0,전북특별자치도 전주시 덕진구 권삼득로 308,전북특별자치도 전주시 덕진구 금암동 664-51,35.84420805,127.1292609
실내체육관,2021,07,09:00 ~ 10:00,270,656,14,27,112,1,전북특별자치도 전주시 덕진구 권삼득로 308,전북특별자치도 전주시 덕진구 금암동 664-51,35.84420805,127.1292609
실내체육관,2021,07,10:00 ~ 11:00,264,1249,8,30,314,1,전북특별자치도 전주시 덕진구 권삼득로 308,전북특별자치도 전주시 덕진구 금암동 664-51,35.84420805,127.1292609
실내체육관,2021,07,11:00 ~ 12:00,137,2070,16,41,870,5,전북특별자치도 전주시 덕진구 권삼득로 308,전북특별자치도 전주시 덕진구 금암동 664-51,35.84420805,127.1292609
실내체육관,2021,07,12:00 ~ 13:00,63,2728,21,51,1683,13,전북특별자치도 전주시 덕진구 권삼득로 308,전북특별자치도 전주시 덕진구 금암동 664-51,35.84420805,127.1292609
실내체육관,2021,07,13:00 ~ 14:00,89,2225,14,119,2105,22,전북특별자치도 전주시 덕진구 권삼득로 308,전북특별자치도 전주시 덕진구 금암동 664-51,35.84420805,127.1292609
실내체육관,2021,07,14:00 ~ 15:00,84,1979,9,59,1899,24,전북특별자치도 전주시 덕진구 권삼득로 308,전북특별자치도 전주시 덕진구 금암동 664-51,35.84420805,127.1292609
실내체육관,2021,07,15:00 ~ 16:00,85,1939,11,59,1832,12,전북특별자치도 전주시 덕진구 권삼득로 308,전북특별자치도 전주시 덕진구 금암동 664-51,35.84420805,127.1292609
실내체육관,2021,07,16:00 ~ 17:00,54,1856,15,46,1822,15,전북특별자치도 전주시 덕진구 권삼득로 308,전북특별자치도 전주시 덕진구 금암동 664-51,35.84420805,127.1292609
실내체육관,2021,07,17:00 ~ 18:00,95,2154,19,58,1766,15,전북특별자치도 전주시 덕진구 권삼득로 308,전북특별자치도 전주시 덕진구 금암동 664-51,35.84420805,127.1292609
실내체육관,2021,07,18:00 ~ 19:00,33,3147,19,111,1931,14,전북특별자치도 전주시 덕진구 권삼득로 308,전북특별자치도 전주시 덕진구 금암동 664-51,35.84420805,127.1292609
실내체육관,2021,07,19:00 ~ 20:00,39,2499,14,132,2209,19,전북특별자치도 전주시 덕진구 권삼득로 308,전북특별자치도 전주시 덕진구 금암동 664-51,35.84420805,127.1292609
실내체육관,2021,07,20:00 ~ 21:00,25,1503,14,194,2178,26,전북특별자치도 전주시 덕진구 권삼득로 308,전북특별자치도 전주시 덕진구 금암동 664-51,35.84420805,127.1292609
실내체육관,2021,07,21:00 ~ 22:00,21,753,9,147,2045,13,전북특별자치도 전주시 덕진구 권삼득로 308,전북특별자치도 전주시 덕진구 금암동 664-51,35.84420805,127.1292609
실내체육관,2021,07,22:00 ~ 23:00,8,319,4,186,1237,11,전북특별자치도 전주시 덕진구 권삼득로 308,전북특별자치도 전주시 덕진구 금암동 664-51,35.84420805,127.1292609
실내체육관,2021,07,23:00 ~ 24:00,22,117,1,74,627,4,전북특별자치도 전주시 덕진구 권삼득로 308,전북특별자치도 전주시 덕진구 금암동 664-51,35.84420805,127.1292609
실내체육관,2021,08,00:00 ~ 01:00,1,24,1,9,116,1,전북특별자치도 전주시 덕진구 권삼득로 308,전북특별자치도 전주시 덕진구 금암동 664-51,35.84420805,127.1292609
실내체육관,2021,08,01:00 ~ 02:00,1,11,0,2,74,1,전북특별자치도 전주시 덕진구 권삼득로 308,전북특별자치도 전주시 덕진구 금암동 664-51,35.84420805,127.1292609
실내체육관,2021,08,02:00 ~ 03:00,0,7,0,2,39,0,전북특별자치도 전주시 덕진구 권삼득로 308,전북특별자치도 전주시 덕진구 금암동 664-51,35.84420805,127.1292609
실내체육관,2021,08,03:00 ~ 04:00,0,5,0,1,37,0,전북특별자치도 전주시 덕진구 권삼득로 308,전북특별자치도 전주시 덕진구 금암동 664-51,35.84420805,127.1292609
실내체육관,2021,08,04:00 ~ 05:00,0,4,0,0,20,0,전북특별자치도 전주시 덕진구 권삼득로 308,전북특별자치도 전주시 덕진구 금암동 664-51,35.84420805,127.1292609
실내체육관,2021,08,05:00 ~ 06:00,0,3,0,0,7,0,전북특별자치도 전주시 덕진구 권삼득로 308,전북특별자치도 전주시 덕진구 금암동 664-51,35.84420805,127.1292609
실내체육관,2021,08,06:00 ~ 07:00,25,22,2,6,71,3,전북특별자치도 전주시 덕진구 권삼득로 308,전북특별자치도 전주시 덕진구 금암동 664-51,35.84420805,127.1292609
실내체육관,2021,08,07:00 ~ 08:00,56,60,0,45,85,0,전북특별자치도 전주시 덕진구 권삼득로 308,전북특별자치도 전주시 덕진구 금암동 664-51,35.84420805,127.1292609
실내체육관,2021,08,08:00 ~ 09:00,119,221,7,9,60,0,전북특별자치도 전주시 덕진구 권삼득로 308,전북특별자치도 전주시 덕진구 금암동 664-51,35.84420805,127.1292609
실내체육관,2021,08,09:00 ~ 10:00,231,572,25,27,99,1,전북특별자치도 전주시 덕진구 권삼득로 308,전북특별자치도 전주시 덕진구 금암동 664-51,35.84420805,127.1292609
실내체육관,2021,08,10:00 ~ 11:00,265,1109,5,22,331,4,전북특별자치도 전주시 덕진구 권삼득로 308,전북특별자치도 전주시 덕진구 금암동 664-51,35.84420805,127.1292609
실내체육관,2021,08,11:00 ~ 12:00,122,1929,14,37,744,3,전북특별자치도 전주시 덕진구 권삼득로 308,전북특별자치도 전주시 덕진구 금암동 664-51,35.84420805,127.1292609
실내체육관,2021,08,12:00 ~ 13:00,52,2641,20,49,1545,9,전북특별자치도 전주시 덕진구 권삼득로 308,전북특별자치도 전주시 덕진구 금암동 664-51,35.84420805,127.1292609
실내체육관,2021,08,13:00 ~ 14:00,71,2226,18,108,1987,25,전북특별자치도 전주시 덕진구 권삼득로 308,전북특별자치도 전주시 덕진구 금암동 664-51,35.84420805,127.1292609
실내체육관,2021,08,14:00 ~ 15:00,82,2150,15,50,1871,15,전북특별자치도 전주시 덕진구 권삼득로 308,전북특별자치도 전주시 덕진구 금암동 664-51,35.84420805,127.1292609
실내체육관,2021,08,15:00 ~ 16:00,91,1870,11,57,1789,12,전북특별자치도 전주시 덕진구 권삼득로 308,전북특별자치도 전주시 덕진구 금암동 664-51,35.84420805,127.1292609
실내체육관,2021,08,16:00 ~ 17:00,66,1936,18,40,1747,16,전북특별자치도 전주시 덕진구 권삼득로 308,전북특별자치도 전주시 덕진구 금암동 664-51,35.84420805,127.1292609
실내체육관,2021,08,17:00 ~ 18:00,72,2350,19,47,1916,19,전북특별자치도 전주시 덕진구 권삼득로 308,전북특별자치도 전주시 덕진구 금암동 664-51,35.84420805,127.1292609
실내체육관,2021,08,18:00 ~ 19:00,44,3273,20,97,2022,20,전북특별자치도 전주시 덕진구 권삼득로 308,전북특별자치도 전주시 덕진구 금암동 664-51,35.84420805,127.1292609
실내체육관,2021,08,19:00 ~ 20:00,25,2163,19,128,2321,18,전북특별자치도 전주시 덕진구 권삼득로 308,전북특별자치도 전주시 덕진구 금암동 664-51,35.84420805,127.1292609
실내체육관,2021,08,20:00 ~ 21:00,27,1131,14,184,2262,43,전북특별자치도 전주시 덕진구 권삼득로 308,전북특별자치도 전주시 덕진구 금암동 664-51,35.84420805,127.1292609
실내체육관,2021,08,21:00 ~ 22:00,11,369,3,142,1882,17,전북특별자치도 전주시 덕진구 권삼득로 308,전북특별자치도 전주시 덕진구 금암동 664-51,35.84420805,127.1292609
실내체육관,2021,08,22:00 ~ 23:00,2,122,3,244,1080,7,전북특별자치도 전주시 덕진구 권삼득로 308,전북특별자치도 전주시 덕진구 금암동 664-51,35.84420805,127.1292609
실내체육관,2021,08,23:00 ~ 24:00,3,34,0,55,212,3,전북특별자치도 전주시 덕진구 권삼득로 308,전북특별자치도 전주시 덕진구 금암동 664-51,35.84420805,127.1292609
실내체육관,2021,09,00:00 ~ 01:00,0,20,0,4,134,5,전북특별자치도 전주시 덕진구 권삼득로 308,전북특별자치도 전주시 덕진구 금암동 664-51,35.84420805,127.1292609
실내체육관,2021,09,01:00 ~ 02:00,1,4,0,3,72,0,전북특별자치도 전주시 덕진구 권삼득로 308,전북특별자치도 전주시 덕진구 금암동 664-51,35.84420805,127.1292609
실내체육관,2021,09,02:00 ~ 03:00,0,5,0,2,38,1,전북특별자치도 전주시 덕진구 권삼득로 308,전북특별자치도 전주시 덕진구 금암동 664-51,35.84420805,127.1292609
실내체육관,2021,09,03:00 ~ 04:00,0,2,0,1,24,0,전북특별자치도 전주시 덕진구 권삼득로 308,전북특별자치도 전주시 덕진구 금암동 664-51,35.84420805,127.1292609
실내체육관,2021,09,04:00 ~ 05:00,0,3,0,0,18,0,전북특별자치도 전주시 덕진구 권삼득로 308,전북특별자치도 전주시 덕진구 금암동 664-51,35.84420805,127.1292609
실내체육관,2021,09,05:00 ~ 06:00,0,1,0,1,17,0,전북특별자치도 전주시 덕진구 권삼득로 308,전북특별자치도 전주시 덕진구 금암동 664-51,35.84420805,127.1292609
실내체육관,2021,09,06:00 ~ 07:00,24,22,3,10,89,2,전북특별자치도 전주시 덕진구 권삼득로 308,전북특별자치도 전주시 덕진구 금암동 664-51,35.84420805,127.1292609
실내체육관,2021,09,07:00 ~ 08:00,46,59,0,45,87,1,전북특별자치도 전주시 덕진구 권삼득로 308,전북특별자치도 전주시 덕진구 금암동 664-51,35.84420805,127.1292609
실내체육관,2021,09,08:00 ~ 09:00,125,163,6,29,51,0,전북특별자치도 전주시 덕진구 권삼득로 308,전북특별자치도 전주시 덕진구 금암동 664-51,35.84420805,127.1292609
실내체육관,2021,09,09:00 ~ 10:00,200,578,16,14,88,2,전북특별자치도 전주시 덕진구 권삼득로 308,전북특별자치도 전주시 덕진구 금암동 664-51,35.84420805,127.1292609
실내체육관,2021,09,10:00 ~ 11:00,263,1061,14,24,284,3,전북특별자치도 전주시 덕진구 권삼득로 308,전북특별자치도 전주시 덕진구 금암동 664-51,35.84420805,127.1292609
실내체육관,2021,09,11:00 ~ 12:00,117,1875,15,28,757,8,전북특별자치도 전주시 덕진구 권삼득로 308,전북특별자치도 전주시 덕진구 금암동 664-51,35.84420805,127.1292609
실내체육관,2021,09,12:00 ~ 13:00,55,2528,28,44,1451,13,전북특별자치도 전주시 덕진구 권삼득로 308,전북특별자치도 전주시 덕진구 금암동 664-51,35.84420805,127.1292609
실내체육관,2021,09,13:00 ~ 14:00,81,2122,11,89,1876,21,전북특별자치도 전주시 덕진구 권삼득로 308,전북특별자치도 전주시 덕진구 금암동 664-51,35.84420805,127.1292609
실내체육관,2021,09,14:00 ~ 15:00,59,2072,14,57,1828,27,전북특별자치도 전주시 덕진구 권삼득로 308,전북특별자치도 전주시 덕진구 금암동 664-51,35.84420805,127.1292609
실내체육관,2021,09,15:00 ~ 16:00,67,1919,12,62,1816,15,전북특별자치도 전주시 덕진구 권삼득로 308,전북특별자치도 전주시 덕진구 금암동 664-51,35.84420805,127.1292609
실내체육관,2021,09,16:00 ~ 17:00,67,2011,10,46,1773,11,전북특별자치도 전주시 덕진구 권삼득로 308,전북특별자치도 전주시 덕진구 금암동 664-51,35.84420805,127.1292609
실내체육관,2021,09,17:00 ~ 18:00,94,2327,19,54,1809,14,전북특별자치도 전주시 덕진구 권삼득로 308,전북특별자치도 전주시 덕진구 금암동 664-51,35.84420805,127.1292609
실내체육관,2021,09,18:00 ~ 19:00,29,2987,19,77,1979,18,전북특별자치도 전주시 덕진구 권삼득로 308,전북특별자치도 전주시 덕진구 금암동 664-51,35.84420805,127.1292609
실내체육관,2021,09,19:00 ~ 20:00,38,2233,24,109,2143,22,전북특별자치도 전주시 덕진구 권삼득로 308,전북특별자치도 전주시 덕진구 금암동 664-51,35.84420805,127.1292609
실내체육관,2021,09,20:00 ~ 21:00,22,1112,9,179,2102,20,전북특별자치도 전주시 덕진구 권삼득로 308,전북특별자치도 전주시 덕진구 금암동 664-51,35.84420805,127.1292609
실내체육관,2021,09,21:00 ~ 22:00,7,410,2,139,1833,13,전북특별자치도 전주시 덕진구 권삼득로 308,전북특별자치도 전주시 덕진구 금암동 664-51,35.84420805,127.1292609
실내체육관,2021,09,22:00 ~ 23:00,0,139,1,217,1150,7,전북특별자치도 전주시 덕진구 권삼득로 308,전북특별자치도 전주시 덕진구 금암동 664-51,35.84420805,127.1292609
실내체육관,2021,09,23:00 ~ 24:00,0,52,1,52,265,2,전북특별자치도 전주시 덕진구 권삼득로 308,전북특별자치도 전주시 덕진구 금암동 664-51,35.84420805,127.1292609
실내체육관,2021,10,00:00 ~ 01:00,1,27,0,36,209,1,전북특별자치도 전주시 덕진구 권삼득로 308,전북특별자치도 전주시 덕진구 금암동 664-51,35.84420805,127.1292609
실내체육관,2021,10,01:00 ~ 02:00,0,11,0,2,82,2,전북특별자치도 전주시 덕진구 권삼득로 308,전북특별자치도 전주시 덕진구 금암동 664-51,35.84420805,127.1292609
실내체육관,2021,10,02:00 ~ 03:00,1,4,0,1,35,0,전북특별자치도 전주시 덕진구 권삼득로 308,전북특별자치도 전주시 덕진구 금암동 664-51,35.84420805,127.1292609
실내체육관,2021,10,03:00 ~ 04:00,0,1,0,1,27,0,전북특별자치도 전주시 덕진구 권삼득로 308,전북특별자치도 전주시 덕진구 금암동 664-51,35.84420805,127.1292609
실내체육관,2021,10,04:00 ~ 05:00,0,0,0,1,6,0,전북특별자치도 전주시 덕진구 권삼득로 308,전북특별자치도 전주시 덕진구 금암동 664-51,35.84420805,127.1292609
실내체육관,2021,10,05:00 ~ 06:00,3,0,0,4,8,0,전북특별자치도 전주시 덕진구 권삼득로 308,전북특별자치도 전주시 덕진구 금암동 664-51,35.84420805,127.1292609
실내체육관,2021,10,06:00 ~ 07:00,20,18,1,18,77,3,전북특별자치도 전주시 덕진구 권삼득로 308,전북특별자치도 전주시 덕진구 금암동 664-51,35.84420805,127.1292609
실내체육관,2021,10,07:00 ~ 08:00,50,93,2,45,187,1,전북특별자치도 전주시 덕진구 권삼득로 308,전북특별자치도 전주시 덕진구 금암동 664-51,35.84420805,127.1292609
실내체육관,2021,10,08:00 ~ 09:00,157,194,14,24,51,0,전북특별자치도 전주시 덕진구 권삼득로 308,전북특별자치도 전주시 덕진구 금암동 664-51,35.84420805,127.1292609
실내체육관,2021,10,09:00 ~ 10:00,209,733,10,16,88,1,전북특별자치도 전주시 덕진구 권삼득로 308,전북특별자치도 전주시 덕진구 금암동 664-51,35.84420805,127.1292609
실내체육관,2021,10,10:00 ~ 11:00,287,1238,9,17,355,5,전북특별자치도 전주시 덕진구 권삼득로 308,전북특별자치도 전주시 덕진구 금암동 664-51,35.84420805,127.1292609
실내체육관,2021,10,11:00 ~ 12:00,99,1865,9,37,793,8,전북특별자치도 전주시 덕진구 권삼득로 308,전북특별자치도 전주시 덕진구 금암동 664-51,35.84420805,127.1292609
실내체육관,2021,10,12:00 ~ 13:00,46,2391,16,53,1498,11,전북특별자치도 전주시 덕진구 권삼득로 308,전북특별자치도 전주시 덕진구 금암동 664-51,35.84420805,127.1292609
실내체육관,2021,10,13:00 ~ 14:00,60,1840,15,61,1861,13,전북특별자치도 전주시 덕진구 권삼득로 308,전북특별자치도 전주시 덕진구 금암동 664-51,35.84420805,127.1292609
실내체육관,2021,10,14:00 ~ 15:00,61,1558,7,56,1598,14,전북특별자치도 전주시 덕진구 권삼득로 308,전북특별자치도 전주시 덕진구 금암동 664-51,35.84420805,127.1292609
실내체육관,2021,10,15:00 ~ 16:00,86,1498,12,73,1426,20,전북특별자치도 전주시 덕진구 권삼득로 308,전북특별자치도 전주시 덕진구 금암동 664-51,35.84420805,127.1292609
실내체육관,2021,10,16:00 ~ 17:00,69,1633,12,53,1445,12,전북특별자치도 전주시 덕진구 권삼득로 308,전북특별자치도 전주시 덕진구 금암동 664-51,35.84420805,127.1292609
실내체육관,2021,10,17:00 ~ 18:00,70,1969,23,47,1514,11,전북특별자치도 전주시 덕진구 권삼득로 308,전북특별자치도 전주시 덕진구 금암동 664-51,35.84420805,127.1292609
실내체육관,2021,10,18:00 ~ 19:00,21,2485,19,86,1646,16,전북특별자치도 전주시 덕진구 권삼득로 308,전북특별자치도 전주시 덕진구 금암동 664-51,35.84420805,127.1292609
실내체육관,2021,10,19:00 ~ 20:00,33,1939,14,109,1846,17,전북특별자치도 전주시 덕진구 권삼득로 308,전북특별자치도 전주시 덕진구 금암동 664-51,35.84420805,127.1292609
실내체육관,2021,10,20:00 ~ 21:00,16,1042,10,172,1720,20,전북특별자치도 전주시 덕진구 권삼득로 308,전북특별자치도 전주시 덕진구 금암동 664-51,35.84420805,127.1292609
실내체육관,2021,10,21:00 ~ 22:00,11,561,3,144,1632,16,전북특별자치도 전주시 덕진구 권삼득로 308,전북특별자치도 전주시 덕진구 금암동 664-51,35.84420805,127.1292609
실내체육관,2021,10,22:00 ~ 23:00,8,207,1,197,1086,2,전북특별자치도 전주시 덕진구 권삼득로 308,전북특별자치도 전주시 덕진구 금암동 664-51,35.84420805,127.1292609
실내체육관,2021,10,23:00 ~ 24:00,2,48,0,49,386,5,전북특별자치도 전주시 덕진구 권삼득로 308,전북특별자치도 전주시 덕진구 금암동 664-51,35.84420805,127.1292609
실내체육관,2021,11,00:00 ~ 01:00,3,69,0,22,401,1,전북특별자치도 전주시 덕진구 권삼득로 308,전북특별자치도 전주시 덕진구 금암동 664-51,35.84420805,127.1292609
실내체육관,2021,11,01:00 ~ 02:00,0,46,0,30,226,1,전북특별자치도 전주시 덕진구 권삼득로 308,전북특별자치도 전주시 덕진구 금암동 664-51,35.84420805,127.1292609
실내체육관,2021,11,02:00 ~ 03:00,1,27,0,32,149,0,전북특별자치도 전주시 덕진구 권삼득로 308,전북특별자치도 전주시 덕진구 금암동 664-51,35.84420805,127.1292609
실내체육관,2021,11,03:00 ~ 04:00,1,6,0,4,101,2,전북특별자치도 전주시 덕진구 권삼득로 308,전북특별자치도 전주시 덕진구 금암동 664-51,35.84420805,127.1292609
실내체육관,2021,11,04:00 ~ 05:00,0,3,0,1,34,3,전북특별자치도 전주시 덕진구 권삼득로 308,전북특별자치도 전주시 덕진구 금암동 664-51,35.84420805,127.1292609
실내체육관,2021,11,05:00 ~ 06:00,2,3,0,2,21,2,전북특별자치도 전주시 덕진구 권삼득로 308,전북특별자치도 전주시 덕진구 금암동 664-51,35.84420805,127.1292609
실내체육관,2021,11,06:00 ~ 07:00,18,19,3,14,53,4,전북특별자치도 전주시 덕진구 권삼득로 308,전북특별자치도 전주시 덕진구 금암동 664-51,35.84420805,127.1292609
실내체육관,2021,11,07:00 ~ 08:00,45,85,1,68,75,1,전북특별자치도 전주시 덕진구 권삼득로 308,전북특별자치도 전주시 덕진구 금암동 664-51,35.84420805,127.1292609
실내체육관,2021,11,08:00 ~ 09:00,141,181,8,23,64,1,전북특별자치도 전주시 덕진구 권삼득로 308,전북특별자치도 전주시 덕진구 금암동 664-51,35.84420805,127.1292609
실내체육관,2021,11,09:00 ~ 10:00,197,649,4,29,99,1,전북특별자치도 전주시 덕진구 권삼득로 308,전북특별자치도 전주시 덕진구 금암동 664-51,35.84420805,127.1292609
실내체육관,2021,11,10:00 ~ 11:00,269,1107,7,29,319,1,전북특별자치도 전주시 덕진구 권삼득로 308,전북특별자치도 전주시 덕진구 금암동 664-51,35.84420805,127.1292609
실내체육관,2021,11,11:00 ~ 12:00,105,1631,9,39,626,5,전북특별자치도 전주시 덕진구 권삼득로 308,전북특별자치도 전주시 덕진구 금암동 664-51,35.84420805,127.1292609
실내체육관,2021,11,12:00 ~ 13:00,35,2207,24,44,1239,10,전북특별자치도 전주시 덕진구 권삼득로 308,전북특별자치도 전주시 덕진구 금암동 664-51,35.84420805,127.1292609
실내체육관,2021,11,13:00 ~ 14:00,73,1691,14,73,1722,15,전북특별자치도 전주시 덕진구 권삼득로 308,전북특별자치도 전주시 덕진구 금암동 664-51,35.84420805,127.1292609
실내체육관,2021,11,14:00 ~ 15:00,75,1623,6,47,1509,18,전북특별자치도 전주시 덕진구 권삼득로 308,전북특별자치도 전주시 덕진구 금암동 664-51,35.84420805,127.1292609
실내체육관,2021,11,15:00 ~ 16:00,68,1444,11,56,1419,11,전북특별자치도 전주시 덕진구 권삼득로 308,전북특별자치도 전주시 덕진구 금암동 664-51,35.84420805,127.1292609
실내체육관,2021,11,16:00 ~ 17:00,51,1489,13,47,1359,13,전북특별자치도 전주시 덕진구 권삼득로 308,전북특별자치도 전주시 덕진구 금암동 664-51,35.84420805,127.1292609
실내체육관,2021,11,17:00 ~ 18:00,60,1948,23,59,1409,14,전북특별자치도 전주시 덕진구 권삼득로 308,전북특별자치도 전주시 덕진구 금암동 664-51,35.84420805,127.1292609
실내체육관,2021,11,18:00 ~ 19:00,32,2769,22,85,1528,20,전북특별자치도 전주시 덕진구 권삼득로 308,전북특별자치도 전주시 덕진구 금암동 664-51,35.84420805,127.1292609
실내체육관,2021,11,19:00 ~ 20:00,31,1935,12,108,1817,13,전북특별자치도 전주시 덕진구 권삼득로 308,전북특별자치도 전주시 덕진구 금암동 664-51,35.84420805,127.1292609
실내체육관,2021,11,20:00 ~ 21:00,19,1232,9,154,1846,16,전북특별자치도 전주시 덕진구 권삼득로 308,전북특별자치도 전주시 덕진구 금암동 664-51,35.84420805,127.1292609
실내체육관,2021,11,21:00 ~ 22:00,19,714,5,117,1628,8,전북특별자치도 전주시 덕진구 권삼득로 308,전북특별자치도 전주시 덕진구 금암동 664-51,35.84420805,127.1292609
실내체육관,2021,11,22:00 ~ 23:00,39,396,2,155,1104,10,전북특별자치도 전주시 덕진구 권삼득로 308,전북특별자치도 전주시 덕진구 금암동 664-51,35.84420805,127.1292609
실내체육관,2021,11,23:00 ~ 24:00,6,168,1,43,613,5,전북특별자치도 전주시 덕진구 권삼득로 308,전북특별자치도 전주시 덕진구 금암동 664-51,35.84420805,127.1292609
실내체육관,2021,12,00:00 ~ 01:00,1,44,0,17,212,0,전북특별자치도 전주시 덕진구 권삼득로 308,전북특별자치도 전주시 덕진구 금암동 664-51,35.84420805,127.1292609
실내체육관,2021,12,01:00 ~ 02:00,0,22,0,18,127,1,전북특별자치도 전주시 덕진구 권삼득로 308,전북특별자치도 전주시 덕진구 금암동 664-51,35.84420805,127.1292609
실내체육관,2021,12,02:00 ~ 03:00,1,9,0,25,82,0,전북특별자치도 전주시 덕진구 권삼득로 308,전북특별자치도 전주시 덕진구 금암동 664-51,35.84420805,127.1292609
실내체육관,2021,12,03:00 ~ 04:00,0,5,0,2,44,2,전북특별자치도 전주시 덕진구 권삼득로 308,전북특별자치도 전주시 덕진구 금암동 664-51,35.84420805,127.1292609
실내체육관,2021,12,04:00 ~ 05:00,0,2,0,3,24,0,전북특별자치도 전주시 덕진구 권삼득로 308,전북특별자치도 전주시 덕진구 금암동 664-51,35.84420805,127.1292609
실내체육관,2021,12,05:00 ~ 06:00,1,4,0,2,15,1,전북특별자치도 전주시 덕진구 권삼득로 308,전북특별자치도 전주시 덕진구 금암동 664-51,35.84420805,127.1292609
실내체육관,2021,12,06:00 ~ 07:00,13,8,5,6,60,5,전북특별자치도 전주시 덕진구 권삼득로 308,전북특별자치도 전주시 덕진구 금암동 664-51,35.84420805,127.1292609
실내체육관,2021,12,07:00 ~ 08:00,40,56,1,43,63,0,전북특별자치도 전주시 덕진구 권삼득로 308,전북특별자치도 전주시 덕진구 금암동 664-51,35.84420805,127.1292609
실내체육관,2021,12,08:00 ~ 09:00,152,228,5,19,45,0,전북특별자치도 전주시 덕진구 권삼득로 308,전북특별자치도 전주시 덕진구 금암동 664-51,35.84420805,127.1292609
실내체육관,2021,12,09:00 ~ 10:00,174,602,8,25,63,1,전북특별자치도 전주시 덕진구 권삼득로 308,전북특별자치도 전주시 덕진구 금암동 664-51,35.84420805,127.1292609
실내체육관,2021,12,10:00 ~ 11:00,270,1045,14,24,289,4,전북특별자치도 전주시 덕진구 권삼득로 308,전북특별자치도 전주시 덕진구 금암동 664-51,35.84420805,127.1292609
실내체육관,2021,12,11:00 ~ 12:00,84,1623,12,32,703,7,전북특별자치도 전주시 덕진구 권삼득로 308,전북특별자치도 전주시 덕진구 금암동 664-51,35.84420805,127.1292609
실내체육관,2021,12,12:00 ~ 13:00,44,2182,24,49,1309,16,전북특별자치도 전주시 덕진구 권삼득로 308,전북특별자치도 전주시 덕진구 금암동 664-51,35.84420805,127.1292609
실내체육관,2021,12,13:00 ~ 14:00,73,1726,19,70,1631,16,전북특별자치도 전주시 덕진구 권삼득로 308,전북특별자치도 전주시 덕진구 금암동 664-51,35.84420805,127.1292609
실내체육관,2021,12,14:00 ~ 15:00,65,1583,5,50,1558,19,전북특별자치도 전주시 덕진구 권삼득로 308,전북특별자치도 전주시 덕진구 금암동 664-51,35.84420805,127.1292609
실내체육관,2021,12,15:00 ~ 16:00,69,1490,8,48,1427,9,전북특별자치도 전주시 덕진구 권삼득로 308,전북특별자치도 전주시 덕진구 금암동 664-51,35.84420805,127.1292609
실내체육관,2021,12,16:00 ~ 17:00,59,1656,8,40,1441,7,전북특별자치도 전주시 덕진구 권삼득로 308,전북특별자치도 전주시 덕진구 금암동 664-51,35.84420805,127.1292609
실내체육관,2021,12,17:00 ~ 18:00,71,1967,22,59,1512,13,전북특별자치도 전주시 덕진구 권삼득로 308,전북특별자치도 전주시 덕진구 금암동 664-51,35.84420805,127.1292609
실내체육관,2021,12,18:00 ~ 19:00,36,2563,18,102,1643,19,전북특별자치도 전주시 덕진구 권삼득로 308,전북특별자치도 전주시 덕진구 금암동 664-51,35.84420805,127.1292609
실내체육관,2021,12,19:00 ~ 20:00,21,1721,12,84,1713,20,전북특별자치도 전주시 덕진구 권삼득로 308,전북특별자치도 전주시 덕진구 금암동 664-51,35.84420805,127.1292609
실내체육관,2021,12,20:00 ~ 21:00,15,862,9,151,1829,11,전북특별자치도 전주시 덕진구 권삼득로 308,전북특별자치도 전주시 덕진구 금암동 664-51,35.84420805,127.1292609
실내체육관,2021,12,21:00 ~ 22:00,8,438,3,190,1483,13,전북특별자치도 전주시 덕진구 권삼득로 308,전북특별자치도 전주시 덕진구 금암동 664-51,35.84420805,127.1292609
실내체육관,2021,12,22:00 ~ 23:00,18,183,0,128,668,11,전북특별자치도 전주시 덕진구 권삼득로 308,전북특별자치도 전주시 덕진구 금암동 664-51,35.84420805,127.1292609
실내체육관,2021,12,23:00 ~ 24:00,6,76,0,32,287,1,전북특별자치도 전주시 덕진구 권삼득로 308,전북특별자치도 전주시 덕진구 금암동 664-51,35.84420805,127.1292609
